year,category,laureate,organization,motivation,portion,prize_amount,prize_amount_adjusted,date_awarded
1901,Chemistry,Jacobus H. van 't Hoff,,in recognition of the extraordinary services he has rendered by the discovery of the laws of chemical dynamics and osmotic pressure in solutions,1,150782,10833458,1901-11-12
1901,Literature,Sully Prudhomme,,"in special recognition of his poetic composition, which gives evidence of lofty idealism, artistic perfection and a rare combination of the qualities of both heart and intellect",1,150782,10833458,1901-11-14
1901,Peace,Henry Dunant,,for his humanitarian efforts to help wounded soldiers and create international understanding,1/2,150782,10833458,1901-12-10
1901,Peace,Frédéric Passy,,"for his lifelong work for international peace conferences, diplomacy and arbitration",1/2,150782,10833458,1901-12-10
1901,Physics,Wilhelm Conrad Röntgen,,in recognition of the extraordinary services he has rendered by the discovery of the remarkable rays subsequently named after him,1,150782,10833458,1901-11-12
1901,Physiology or Medicine,Emil von Behring,,"for his work on serum therapy, especially its application against diphtheria, by which he has opened a new road in the domain of medical science and thereby placed in the hands of the physician a victorious weapon against illness and deaths",1,150782,10833458,1901-10-30
1902,Chemistry,Emil Fischer,,in recognition of the extraordinary services he has rendered by his work on sugar and purine syntheses,1,141847,10191492,1902-11-11
1902,Literature,Theodor Mommsen,,"the greatest living master of the art of historical writing, with special reference to his monumental work, <I>A history of Rome</I>",1,141847,10191492,1902-11-13
1902,Peace,Élie Ducommun,,for his untiring and skilful directorship of the Bern Peace Bureau,1/2,141847,10191492,1902-12-10
1902,Peace,Albert Gobat,,for his eminently practical administration of the Inter-Parliamentary Union,1/2,141847,10191492,1902-12-10
1902,Physics,Hendrik A. Lorentz,,in recognition of the extraordinary service they rendered by their researches into the influence of magnetism upon radiation phenomena,1/2,141847,10191492,1902-11-11
1902,Physics,Pieter Zeeman,,in recognition of the extraordinary service they rendered by their researches into the influence of magnetism upon radiation phenomena,1/2,141847,10191492,1902-11-11
1902,Physiology or Medicine,Ronald Ross,,"for his work on malaria, by which he has shown how it enters the organism and thereby has laid the foundation for successful research on this disease and methods of combating it",1,141847,10191492,1902-10-30
1903,Chemistry,Svante Arrhenius,,in recognition of the extraordinary services he has rendered to the advancement of chemistry by his electrolytic theory of dissociation,1,141358,9857642,1903-11-12
1903,Literature,Bjørnstjerne Bjørnson,,"as a tribute to his noble, magnificent and versatile poetry, which has always been distinguished by both the freshness of its inspiration and the rare purity of its spirit",1,141358,9857642,1903-11-19
1903,Peace,Randal Cremer,,for his longstanding and devoted effort in favour of the ideas of peace and arbitration,1,141358,9857642,1903-12-10
1903,Physics,Henri Becquerel,,in recognition of the extraordinary services he has rendered by his discovery of spontaneous radioactivity,1/2,141358,9857642,1903-11-12
1903,Physics,Pierre Curie,,in recognition of the extraordinary services they have rendered by their joint researches on the radiation phenomena discovered by Professor Henri Becquerel,1/4,141358,9857642,1903-11-12
1903,Physics,Marie Curie,,in recognition of the extraordinary services they have rendered by their joint researches on the radiation phenomena discovered by Professor Henri Becquerel,1/4,141358,9857642,1903-11-12
1903,Physiology or Medicine,Niels Ryberg Finsen,,"in recognition of his contribution to the treatment of diseases, especially lupus vulgaris, with concentrated light radiation, whereby he has opened a new avenue for medical science",1,141358,9857642,1903-10-15
1904,Chemistry,Sir William Ramsay,,"in recognition of his services in the discovery of the inert gaseous elements in air, and his determination of their place in the periodic system",1,140859,9822844,1904-11-08
1904,Literature,Frédéric Mistral,,"in recognition of the fresh originality and true inspiration of his poetic production, which faithfully reflects the natural scenery and native spirit of his people, and, in addition, his significant work as a Proven&ccedil;al philologist",1/2,140859,9822844,1904-11-17
1904,Literature,José Echegaray,,"in recognition of the numerous and brilliant compositions which, in an individual and original manner, have revived the great traditions of the Spanish drama",1/2,140859,9822844,1904-11-17
1904,Peace,,,for its striving in public law to develop peaceful ties between nations and to make the laws of war more humane,1,140859,9822844,1904-12-10
1904,Physics,Lord Rayleigh,,for his investigations of the densities of the most important gases and for his discovery of argon in connection with these studies,1,140859,9822844,1904-11-08
1904,Physiology or Medicine,Ivan Pavlov,,"in recognition of his work on the physiology of digestion, through which knowledge on vital aspects of the subject has been transformed and enlarged",1,140859,9822844,1904-10-20
1905,Chemistry,Adolf von Baeyer,,"in recognition of his services in the advancement of organic chemistry and the chemical industry, through his work on organic dyes and hydroaromatic compounds",1,138089,9629677,1905-11-09
1905,Literature,Henryk Sienkiewicz,,because of his outstanding merits as an epic writer,1,138089,9629677,1905-11-09
1905,Peace,Bertha von Suttner,,for her audacity to oppose the horrors of war,1,138089,9629677,1905-12-10
1905,Physics,Philipp Lenard,,for his work on cathode rays,1,138089,9629677,1905-11-09
1905,Physiology or Medicine,Robert Koch,,for his investigations and discoveries in relation to tuberculosis,1,138089,9629677,1905-10-12
1906,Chemistry,Henri Moissan,,"in recognition of the great services rendered by him in his investigation and isolation of the element fluorine, and for the adoption in the service of science of the electric furnace called after him",1,138536,9384824,1906-11-12
1906,Literature,Giosuè Carducci,,"not only in consideration of his deep learning and critical research, but above all as a tribute to the creative energy, freshness of style, and lyrical force which characterize his poetic masterpieces",1,138536,9384824,1906-11-08
1906,Peace,Theodore Roosevelt,,"for his role in bringing to an end the bloody war recently waged between two of the world's great powers, Japan and Russia",1,138536,9384824,1906-12-10
1906,Physics,J.J. Thomson,,in recognition of the great merits of his theoretical and experimental investigations on the conduction of electricity by gases,1,138536,9384824,1906-11-12
1906,Physiology or Medicine,Camillo Golgi,,in recognition of their work on the structure of the nervous system,1/2,138536,9384824,1906-10-25
1906,Physiology or Medicine,Santiago Ramón y Cajal,,in recognition of their work on the structure of the nervous system,1/2,138536,9384824,1906-10-25
1907,Chemistry,Eduard Buchner,,for his biochemical researches and his discovery of cell-free fermentation,1,138796,8894198,1907-11-12
1907,Literature,Rudyard Kipling,,"in consideration of the power of observation, originality of imagination, virility of ideas and remarkable talent for narration which characterize the creations of this world-famous author",1,138796,8894198,1907-11-07
1907,Peace,Ernesto Teodoro Moneta,,"for his work in the press and in peace meetings, both public and private, for an understanding between France and Italy",1/2,138796,8894198,1907-12-10
1907,Peace,Louis Renault,,for his decisive influence upon the conduct and outcome of the Hague and Geneva Conferences,1/2,138796,8894198,1907-12-10
1907,Physics,Albert A. Michelson,,for his optical precision instruments and the spectroscopic and metrological investigations carried out with their aid,1,138796,8894198,1907-11-12
1907,Physiology or Medicine,Alphonse Laveran,,in recognition of his work on the role played by protozoa in causing diseases,1,138796,8894198,1907-10-31
1908,Chemistry,Ernest Rutherford,,"for his investigations into the disintegration of the elements, and the chemistry of radioactive substances",1,139800,8958535,1908-11-10
1908,Literature,Rudolf Eucken,,"in recognition of his earnest search for truth, his penetrating power of thought, his wide range of vision, and the warmth and strength in presentation with which in his numerous works he has vindicated and developed an idealistic philosophy of life",1,139800,8958535,1908-11-12
1908,Peace,Klas Pontus Arnoldson,,"for their long time work for the cause of peace as politicians, peace society leaders, orators and authors",1/2,139800,8958535,1908-12-10
1908,Peace,Fredrik Bajer,,"for their long time work for the cause of peace as politicians, peace society leaders, orators and authors",1/2,139800,8958535,1908-12-10
1908,Physics,Gabriel Lippmann,,for his method of reproducing colours photographically based on the phenomenon of interference,1,139800,8958535,1908-11-10
1908,Physiology or Medicine,Ilya Mechnikov,,in recognition of their work on immunity,1/2,139800,8958535,1908-10-29
1908,Physiology or Medicine,Paul Ehrlich,,in recognition of their work on immunity,1/2,139800,8958535,1908-10-29
1909,Chemistry,Wilhelm Ostwald,,in recognition of his work on catalysis and for his investigations into the fundamental principles governing chemical equilibria and rates of reaction,1,139800,8958535,1909-11-09
1909,Literature,Selma Lagerlöf,,"in appreciation of the lofty idealism, vivid imagination and spiritual perception that characterize her writings",1,139800,8958535,1909-11-11
1909,Peace,Auguste Beernaert,,for their prominent position in the international movement for peace and arbitration,1/2,139800,8958535,1909-12-10
1909,Peace,Paul Henri d'Estournelles de Constant,,for their prominent position in the international movement for peace and arbitration,1/2,139800,8958535,1909-12-10
1909,Physics,Guglielmo Marconi,,in recognition of their contributions to the development of wireless telegraphy,1/2,139800,8958535,1909-11-09
1909,Physics,Ferdinand Braun,,in recognition of their contributions to the development of wireless telegraphy,1/2,139800,8958535,1909-11-09
1909,Physiology or Medicine,Theodor Kocher,,"for his work on the physiology, pathology and surgery of the thyroid gland",1,139800,8958535,1909-10-28
1910,Chemistry,Otto Wallach,,in recognition of his services to organic chemistry and the chemical industry by his pioneer work in the field of alicyclic compounds,1,140703,9016400,1910-11-12
1910,Literature,Paul Heyse,,"as a tribute to the consummate artistry, permeated with idealism, which he has demonstrated during his long productive career as a lyric poet, dramatist, novelist and writer of world-renowned short stories",1,140703,9016400,1910-11-10
1910,Peace,,,"for acting as a link between the peace societies of the various countries, and helping them to organize the world rallies of the international peace movement",1,140703,9016400,1910-12-10
1910,Physics,Johannes Diderik van der Waals,,for his work on the equation of state for gases and liquids,1,140703,9016400,1910-11-05
1910,Physiology or Medicine,Albrecht Kossel,,"in recognition of the contributions to our knowledge of cell chemistry made through his work on proteins, including the nucleic substances",1,140703,9016400,1910-10-20
1911,Chemistry,Marie Curie,,"in recognition of her services to the advancement of chemistry by the discovery of the elements radium and polonium, by the isolation of radium and the study of the nature and compounds of this remarkable element",1,140695,9266329,1911-11-07
1911,Literature,Maurice Maeterlinck,,"in appreciation of his many-sided literary activities, and especially of his dramatic works, which are distinguished by a wealth of imagination and by a poetic fancy, which reveals, sometimes in the guise of a fairy tale, a deep inspiration, while in a mysterious way they appeal to the readers' own feelings and stimulate their imaginations",1,140695,9266329,1911-11-09
1911,Peace,Tobias Asser,,"for his role as co-founder of the Institut de droit international, initiator of the Conferences on International Private Law (Conférences de Droit international privé) at the Hague, and pioneer in the field of international legal relations",1/2,140695,9266329,1911-12-10
1911,Peace,Alfred Fried,,"for his effort to expose and fight what he considers to be the main cause of war, namely, the anarchy in international relations",1/2,140695,9266329,1911-12-10
1911,Physics,Wilhelm Wien,,for his discoveries regarding the laws governing the radiation of heat,1,140695,9266329,1911-11-07
1911,Physiology or Medicine,Allvar Gullstrand,,for his work on the dioptrics of the eye,1,140695,9266329,1911-10-19
1912,Chemistry,Victor Grignard,,"for the discovery of the so-called Grignard reagent, which in recent years has greatly advanced the progress of organic chemistry",1/2,140476,8540220,1912-11-12
1912,Chemistry,Paul Sabatier,,for his method of hydrogenating organic compounds in the presence of finely disintegrated metals whereby the progress of organic chemistry has been greatly advanced in recent years,1/2,140476,8540220,1912-11-12
1912,Literature,Gerhart Hauptmann,,"primarily in recognition of his fruitful, varied and outstanding production in the realm of dramatic art",1,140476,8540220,1912-11-14
1912,Peace,Elihu Root,,for bringing about better understanding between the countries of North and South America and initiating important arbitration agreements between the United States and other countries,1,140476,8540220,1913-12-10
1912,Physics,Gustaf Dalén,,for his invention of automatic regulators for use in conjunction with gas accumulators for illuminating lighthouses and buoys,1,140476,8540220,1912-11-12
1912,Physiology or Medicine,Alexis Carrel,,in recognition of his work on vascular suture and the transplantation of blood vessels and organs,1,140476,8540220,1912-10-10
1913,Chemistry,Alfred Werner,,in recognition of his work on the linkage of atoms in molecules by which he has thrown new light on earlier investigations and opened up new fields of research especially in inorganic chemistry,1,143010,8694275,1913-11-11
1913,Literature,Rabindranath Tagore,,"because of his profoundly sensitive, fresh and beautiful verse, by which, with consummate skill, he has made his poetic thought, expressed in his own English words, a part of the literature of the West",1,143010,8694275,1913-11-13
1913,Peace,Henri La Fontaine,,for his unparalleled contribution to the organization of peaceful internationalism,1,143010,8694275,1913-12-10
1913,Physics,Heike Kamerlingh Onnes,,"for his investigations on the properties of matter at low temperatures which led, inter alia, to the production of liquid helium",1,143010,8694275,1913-11-11
1913,Physiology or Medicine,Charles Richet,,in recognition of his work on anaphylaxis,1,143010,8694275,1913-10-30
1914,Chemistry,Theodore W. Richards,,in recognition of his accurate determinations of the atomic weight of a large number of chemical elements,1,146900,8930767,1915-11-11
1914,Physics,Max von Laue,,for his discovery of the diffraction of X-rays by crystals,1,146900,8930767,1915-11-11
1914,Physiology or Medicine,Robert Bárány,,for his work on the physiology and pathology of the vestibular apparatus,1,146900,8930767,1915-10-29
1915,Chemistry,Richard Willstätter,,"for his researches on plant pigments, especially chlorophyll",1,149223,7862394,1915-11-11
1915,Literature,Romain Rolland,,as a tribute to the lofty idealism of his literary production and to the sympathy and love of truth with which he has described different types of human beings,1,149223,7862394,1916-11-09
1915,Physics,William Bragg,,for their services in the analysis of crystal structure by means of X-rays,1/2,149223,7862394,1915-11-12
1915,Physics,Lawrence Bragg,,for their services in the analysis of crystal structure by means of X-rays,1/2,149223,7862394,1915-11-12
1916,Literature,Verner von Heidenstam,,in recognition of his significance as the leading representative of a new era in our literature,1,131793,6127082,1916-11-09
1917,Literature,Karl Gjellerup,,"for his varied and rich poetry, which is inspired by lofty ideals",1/2,133823,4957724,1917-11-08
1917,Literature,Henrik Pontoppidan,,for his authentic descriptions of present-day life in Denmark,1/2,133823,4957724,1917-11-08
1917,Peace,,,for the efforts to take care of wounded soldiers and prisoners of war and their families,1,133823,4957724,1917-12-10
1917,Physics,Charles Glover Barkla,,for his discovery of the characteristic R&ouml;ntgen radiation of the elements,1,133823,4957724,1918-11-12
1918,Chemistry,Fritz Haber,,for the synthesis of ammonia from its elements,1,138198,3600741,1919-11-13
1918,Physics,Max Planck,,in recognition of the services he rendered to the advancement of Physics by his discovery of energy quanta,1,138198,3600741,1919-11-13
1919,Literature,Carl Spitteler,,"in special appreciation of his epic, <I>Olympian Spring</I>",1,133127,3006134,1920-11-11
1919,Peace,Woodrow Wilson,,for his role as founder of the League of Nations,1,133127,3006134,1920-12-10
1919,Physics,Johannes Stark,,for his discovery of the Doppler effect in canal rays and the splitting of spectral lines in electric fields,1,133127,3006134,1919-11-13
1919,Physiology or Medicine,Jules Bordet,,for his discoveries relating to immunity,1,133127,3006134,1920-10-28
1920,Chemistry,Walther Nernst,,in recognition of his work in thermochemistry,1,134100,3028106,1921-11-10
1920,Literature,Knut Hamsun,,"for his monumental work, <I>Growth of the Soil</I>",1,134100,3028106,1920-11-11
1920,Peace,Léon Bourgeois,,for his longstanding contribution to the cause of peace and justice and his prominent role in the establishment of the League of Nations,1,134100,3028106,1920-12-10
1920,Physics,Charles Edouard Guillaume,,in recognition of the service he has rendered to precision measurements in Physics by his discovery of anomalies in nickel steel alloys,1,134100,3028106,1920-11-11
1920,Physiology or Medicine,August Krogh,,for his discovery of the capillary motor regulating mechanism,1,134100,3028106,1920-10-28
1921,Chemistry,Frederick Soddy,,"for his contributions to our knowledge of the chemistry of radioactive substances, and his investigations into the origin and nature of isotopes",1,121573,3202773,1922-11-09
1921,Literature,Anatole France,,"in recognition of his brilliant literary achievements, characterized as they are by a nobility of style, a profound human sympathy, grace, and a true Gallic temperament",1,121573,3202773,1921-11-10
1921,Peace,Hjalmar Branting,,for their lifelong contributions to the cause of peace and organized internationalism,1/2,121573,3202773,1921-12-10
1921,Peace,Christian Lange,,for their lifelong contributions to the cause of peace and organized internationalism,1/2,121573,3202773,1921-12-10
1921,Physics,Albert Einstein,,"for his services to Theoretical Physics, and especially for his discovery of the law of the photoelectric effect",1,121573,3202773,1922-11-09
1922,Chemistry,Francis W. Aston,,"for his discovery, by means of his mass spectrograph, of isotopes, in a large number of non-radioactive elements, and for his enunciation of the whole-number rule",1,122483,3978181,1922-11-09
1922,Literature,Jacinto Benavente,,for the happy manner in which he has continued the illustrious traditions of the Spanish drama,1,122483,3978181,1922-11-09
1922,Peace,Fridtjof Nansen,,"for his leading role in the repatriation of prisoners of war, in international relief work and as the League of Nations' High Commissioner for refugees",1,122483,3978181,1922-12-10
1922,Physics,Niels Bohr,,for his services in the investigation of the structure of atoms and of the radiation emanating from them,1,122483,3978181,1922-11-09
1922,Physiology or Medicine,Archibald V. Hill,,for his discovery relating to the production of heat in the muscle,1/2,122483,3978181,1922-10-25
1922,Physiology or Medicine,Otto Meyerhof,,for his discovery of the fixed relationship between the consumption of oxygen and the metabolism of lactic acid in the muscle,1/2,122483,3978181,1922-10-25
1923,Chemistry,Fritz Pregl,,for his invention of the method of micro-analysis of organic substances,1,114935,4007513,1923-11-13
1923,Literature,William Butler Yeats,,"for his always inspired poetry, which in a highly artistic form gives expression to the spirit of a whole nation",1,114935,4007513,1923-11-14
1923,Physics,Robert A. Millikan,,for his work on the elementary charge of electricity and on the photoelectric effect,1,114935,4007513,1923-11-13
1923,Physiology or Medicine,Frederick G. Banting,,for the discovery of insulin,1/2,114935,4007513,1923-10-25
1923,Physiology or Medicine,John Macleod,,for the discovery of insulin,1/2,114935,4007513,1923-10-25
1924,Literature,Władysław Reymont,,"for his great national epic, <I>The Peasants</I>",1,116719,4069717,1924-11-13
1924,Physics,Manne Siegbahn,,for his discoveries and research in the field of X-ray spectroscopy,1,116719,4069717,1925-11-12
1924,Physiology or Medicine,Willem Einthoven,,for his discovery of the mechanism of the electrocardiogram,1,116719,4069717,1924-10-23
1925,Chemistry,Richard Zsigmondy,,"for his demonstration of the heterogenous nature of colloid solutions and for the methods he used, which have since become fundamental in modern colloid chemistry",1,118165,4060423,1926-11-11
1925,Literature,George Bernard Shaw,,"for his work which is marked by both idealism and humanity, its stimulating satire often being infused with a singular poetic beauty",1,118165,4060423,1926-11-11
1925,Peace,Sir Austen Chamberlain,,for his crucial role in bringing about the Locarno Treaty,1/2,118165,4060423,1926-12-10
1925,Peace,Charles G. Dawes,,for his crucial role in bringing about the Dawes Plan,1/2,118165,4060423,1926-12-10
1925,Physics,James Franck,,for their discovery of the laws governing the impact of an electron upon an atom,1/2,118165,4060423,1926-11-11
1925,Physics,Gustav Hertz,,for their discovery of the laws governing the impact of an electron upon an atom,1/2,118165,4060423,1926-11-11
1926,Chemistry,The Svedberg,,for his work on disperse systems,1,116960,4138987,1926-11-11
1926,Literature,Grazia Deledda,,for her idealistically inspired writings which with plastic clarity picture the life on her native island and with depth and sympathy deal with human problems in general,1,116960,4138987,1927-11-10
1926,Peace,Aristide Briand,,for their crucial role in bringing about the Locarno Treaty,1/2,116960,4138987,1926-12-10
1926,Peace,Gustav Stresemann,,for their crucial role in bringing about the Locarno Treaty,1/2,116960,4138987,1926-12-10
1926,Physics,Jean Baptiste Perrin,,"for his work on the discontinuous structure of matter, and especially for his discovery of sedimentation equilibrium",1,116960,4138987,1926-11-11
1926,Physiology or Medicine,Johannes Fibiger,,for his discovery of the Spiroptera carcinoma,1,116960,4138987,1927-10-27
1927,Chemistry,Heinrich Wieland,,for his investigations of the constitution of the bile acids and related substances,1,126501,4544453,1928-11-13
1927,Literature,Henri Bergson,,in recognition of his rich and vitalizing ideas and the brilliant skill with which they have been presented,1,126501,4544453,1928-11-13
1927,Peace,Ferdinand Buisson,,for their contribution to the emergence in France and Germany of a public opinion which favours peaceful international cooperation,1/2,126501,4544453,1927-12-10
1927,Peace,Ludwig Quidde,,for their contribution to the emergence in France and Germany of a public opinion which favours peaceful international cooperation,1/2,126501,4544453,1927-12-10
1927,Physics,Arthur H. Compton,,for his discovery of the effect named after him,1/2,126501,4544453,1927-11-10
1927,Physics,C.T.R. Wilson,,for his method of making the paths of electrically charged particles visible by condensation of vapour,1/2,126501,4544453,1927-11-10
1927,Physiology or Medicine,Julius Wagner-Jauregg,,for his discovery of the therapeutic value of malaria inoculation in the treatment of dementia paralytica,1,126501,4544453,1927-10-27
1928,Chemistry,Adolf Windaus,,for the services rendered through his research into the constitution of the sterols and their connection with the vitamins,1,156939,5637915,1928-11-13
1928,Literature,Sigrid Undset,,principally for her powerful descriptions of Northern life during the Middle Ages,1,156939,5637915,1928-11-13
1928,Physics,Owen Willans Richardson,,for his work on the thermionic phenomenon and especially for the discovery of the law named after him,1,156939,5637915,1929-11-12
1928,Physiology or Medicine,Charles Nicolle,,for his work on typhus,1,156939,5637915,1928-10-25
1929,Chemistry,Arthur Harden,,for their investigations on the fermentation of sugar and fermentative enzymes,1/2,172760,6206272,1929-11-12
1929,Chemistry,Hans von Euler-Chelpin,,for their investigations on the fermentation of sugar and fermentative enzymes,1/2,172760,6206272,1929-11-12
1929,Literature,Thomas Mann,,"principally for his great novel, <I>Buddenbrooks</I>, which has won steadily increased recognition as one of the classic works of contemporary literature",1,172760,6206272,1929-11-12
1929,Peace,Frank B. Kellogg,,for his crucial role in bringing about the Briand-Kellogg Pact,1,172760,6206272,1930-12-10
1929,Physics,Louis de Broglie,,for his discovery of the wave nature of electrons,1,172760,6206272,1929-11-12
1929,Physiology or Medicine,Christiaan Eijkman,,for his discovery of the antineuritic vitamin,1/2,172760,6206272,1929-10-31
1929,Physiology or Medicine,Sir Frederick Hopkins,,for his discovery of the growth-stimulating vitamins,1/2,172760,6206272,1929-10-31
1930,Chemistry,Hans Fischer,,for his researches into the constitution of haemin and chlorophyll and especially for his synthesis of haemin,1,172947,6407146,1930-11-13
1930,Literature,Sinclair Lewis,,"for his vigorous and graphic art of description and his ability to create, with wit and humour, new types of characters",1,172947,6407146,1930-11-05
1930,Peace,Nathan Söderblom,,for promoting Christian unity and helping create 'that new attitude of mind which is necessary if peace between nations is to become reality',1,172947,6407146,1930-12-10
1930,Physics,Sir Chandrasekhara Venkata Raman,,for his work on the scattering of light and for the discovery of the effect named after him,1,172947,6407146,1930-11-13
1930,Physiology or Medicine,Karl Landsteiner,,for his discovery of human blood groups,1,172947,6407146,1930-10-30
1931,Chemistry,Carl Bosch,,in recognition of their contributions to the invention and development of chemical high pressure methods,1/2,173206,6623733,1931-11-12
1931,Chemistry,Friedrich Bergius,,in recognition of their contributions to the invention and development of chemical high pressure methods,1/2,173206,6623733,1931-11-12
1931,Literature,Erik Axel Karlfeldt,,The poetry of Erik Axel Karlfeldt,1,173206,6623733,1931-11-08
1931,Peace,Jane Addams,,for their assiduous effort to revive the ideal of peace and to rekindle the spirit of peace in their own nation and in the whole of mankind,1/2,173206,6623733,1931-12-10
1931,Peace,Nicholas Murray Butler,,for their assiduous effort to revive the ideal of peace and to rekindle the spirit of peace in their own nation and in the whole of mankind,1/2,173206,6623733,1931-12-10
1931,Physiology or Medicine,Otto Warburg,,for his discovery of the nature and mode of action of the respiratory enzyme,1,173206,6623733,1931-10-29
1932,Chemistry,Irving Langmuir,,for his discoveries and investigations in surface chemistry,1,171753,6675842,1932-11-10
1932,Literature,John Galsworthy,,for his distinguished art of narration which takes its highest form in <I>The Forsyte Saga</I>,1,171753,6675842,1932-11-10
1932,Physics,Werner Heisenberg,,"for the creation of quantum mechanics, the application of which has, inter alia, led to the discovery of the allotropic forms of hydrogen",1,171753,6675842,1933-11-09
1932,Physiology or Medicine,Sir Charles Sherrington,,for their discoveries regarding the functions of neurons,1/2,171753,6675842,1932-10-27
1932,Physiology or Medicine,Edgar Adrian,,for their discoveries regarding the functions of neurons,1/2,171753,6675842,1932-10-27
1933,Literature,Ivan Bunin,,for the strict artistry with which he has carried on the classical Russian traditions in prose writing,1,170332,6845037,1933-11-09
1933,Peace,Sir Norman Angell,,for having exposed by his pen the illusion of war and presented a convincing plea for international cooperation and peace,1,170332,6845037,1934-12-10
1933,Physics,Erwin Schrödinger,,for the discovery of new productive forms of atomic theory,1/2,170332,6845037,1933-11-09
1933,Physics,Paul A.M. Dirac,,for the discovery of new productive forms of atomic theory,1/2,170332,6845037,1933-11-09
1933,Physiology or Medicine,Thomas H. Morgan,,for his discoveries concerning the role played by the chromosome in heredity,1,170332,6845037,1933-10-20
1934,Chemistry,Harold C. Urey,,for his discovery of heavy hydrogen,1,162608,6534637,1934-11-15
1934,Literature,Luigi Pirandello,,for his bold and ingenious revival of dramatic and scenic art,1,162608,6534637,1934-11-08
1934,Peace,Arthur Henderson,,for his untiring struggle and his courageous efforts as Chairman of the League of Nations Disarmament Conference 1931-34,1,162608,6534637,1934-12-10
1934,Physiology or Medicine,George H. Whipple,,for their discoveries concerning liver therapy in cases of anaemia,1/3,162608,6534637,1934-10-25
1934,Physiology or Medicine,George R. Minot,,for their discoveries concerning liver therapy in cases of anaemia,1/3,162608,6534637,1934-10-25
1934,Physiology or Medicine,William P. Murphy,,for their discoveries concerning liver therapy in cases of anaemia,1/3,162608,6534637,1934-10-25
1935,Chemistry,Frédéric Joliot,,in recognition of their synthesis of new radioactive elements,1/2,159917,6319387,1935-11-14
1935,Chemistry,Irène Joliot-Curie,,in recognition of their synthesis of new radioactive elements,1/2,159917,6319387,1935-11-14
1935,Peace,Carl von Ossietzky,,for his burning love for freedom of thought and expression and his valuable contribution to the cause of peace,1,159917,6319387,1936-11-24
1935,Physics,James Chadwick,,for the discovery of the neutron,1,159917,6319387,1935-11-14
1935,Physiology or Medicine,Hans Spemann,,for his discovery of the organizer effect in embryonic development,1,159917,6319387,1935-10-24
1936,Chemistry,Peter Debye,,for his contributions to our knowledge of molecular structure through his investigations on dipole moments and on the diffraction of X-rays and electrons in gases,1,159850,6213186,1936-11-12
1936,Literature,Eugene O'Neill,,"for the power, honesty and deep-felt emotions of his dramatic works, which embody an original concept of tragedy",1,159850,6213186,1936-11-12
1936,Peace,Carlos Saavedra Lamas,,"for his role as father of the Argentine Antiwar Pact of 1933, which he also used as a means to mediate peace between Paraguay and Bolivia in 1935",1,159850,6213186,1936-11-24
1936,Physics,Victor F. Hess,,for his discovery of cosmic radiation,1/2,159850,6213186,1936-11-12
1936,Physics,Carl D. Anderson,,for his discovery of the positron,1/2,159850,6213186,1936-11-12
1936,Physiology or Medicine,Sir Henry Dale,,for their discoveries relating to chemical transmission of nerve impulses,1/2,159850,6213186,1936-10-29
1936,Physiology or Medicine,Otto Loewi,,for their discoveries relating to chemical transmission of nerve impulses,1/2,159850,6213186,1936-10-29
1937,Chemistry,Norman Haworth,,for his investigations on carbohydrates and vitamin C,1/2,158463,5963742,1937-11-11
1937,Chemistry,Paul Karrer,,"for his investigations on carotenoids, flavins and vitamins A and B2",1/2,158463,5963742,1937-11-11
1937,Literature,Roger Martin du Gard,,for the artistic power and truth with which he has depicted human conflict as well as some fundamental aspects of contemporary life in his novel-cycle <I>Les Thibault</I>,1,158463,5963742,1937-11-11
1937,Peace,"Robert Cecil, Viscount Cecil of Chelwood",,"for his tireless effort in support of the League of Nations, disarmament and peace",1,158463,5963742,1937-11-18
1937,Physics,Clinton Davisson,,for their experimental discovery of the diffraction of electrons by crystals,1/2,158463,5963742,1937-11-11
1937,Physics,George Paget Thomson,,for their experimental discovery of the diffraction of electrons by crystals,1/2,158463,5963742,1937-11-11
1937,Physiology or Medicine,Albert Szent-Györgyi,,"for his discoveries in connection with the biological combustion processes, with special reference to vitamin C and the catalysis of fumaric acid",1,158463,5963742,1937-10-28
1938,Chemistry,Richard Kuhn,,for his work on carotenoids and vitamins,1,155077,5745118,1939-11-09
1938,Literature,Pearl Buck,,for her rich and truly epic descriptions of peasant life in China and for her biographical masterpieces,1,155077,5745118,1938-11-10
1938,Peace,,,for having carried on the work of Fridtjof Nansen to the benefit of refugees across Europe,1,155077,5745118,1938-11-17
1938,Physics,Enrico Fermi,,"for his demonstrations of the existence of new radioactive elements produced by neutron irradiation, and for his related discovery of nuclear reactions brought about by slow neutrons",1,155077,5745118,1938-11-10
1938,Physiology or Medicine,Corneille Heymans,,for the discovery of the role played by the sinus and aortic mechanisms in the regulation of respiration,1,155077,5745118,1939-10-26
1939,Chemistry,Adolf Butenandt,,for his work on sex hormones,1/2,148822,5346318,1939-11-09
1939,Chemistry,Leopold Ruzicka,,for his work on polymethylenes and higher terpenes,1/2,148822,5346318,1939-11-09
1939,Literature,Frans Eemil Sillanpää,,for his deep understanding of his country's peasantry and the exquisite art with which he has portrayed their way of life and their relationship with Nature,1,148822,5346318,1939-11-10
1939,Physics,Ernest Lawrence,,"for the invention and development of the cyclotron and for results obtained with it, especially with regard to artificial radioactive elements",1,148822,5346318,1939-11-09
1939,Physiology or Medicine,Gerhard Domagk,,for the discovery of the antibacterial effects of prontosil,1,148822,5346318,1939-10-26
1943,Chemistry,George de Hevesy,,for his work on the use of isotopes as tracers in the study of chemical processes,1,123691,3187732,1944-11-09
1943,Physics,Otto Stern,,for his contribution to the development of the molecular ray method and his discovery of the magnetic moment of the proton,1,123691,3187732,1944-11-09
1943,Physiology or Medicine,Henrik Dam,,for his discovery of vitamin K,1/2,123691,3187732,1944-10-26
1943,Physiology or Medicine,Edward A. Doisy,,for his discovery of the chemical nature of vitamin K,1/2,123691,3187732,1944-10-26
1944,Chemistry,Otto Hahn,,for his discovery of the fission of heavy nuclei,1,121841,3174561,1945-11-15
1944,Literature,Johannes V. Jensen,,"for the rare strength and fertility of his poetic imagination with which is combined an intellectual curiosity of wide scope and a bold, freshly creative style",1,121841,3174561,1944-11-09
1944,Peace,,,for the great work it has performed during the war on behalf of humanity,1,121841,3174561,1945-11-12
1944,Physics,Isidor Isaac Rabi,,for his resonance method for recording the magnetic properties of atomic nuclei,1,121841,3174561,1944-11-09
1944,Physiology or Medicine,Joseph Erlanger,,for their discoveries relating to the highly differentiated functions of single nerve fibres,1/2,121841,3174561,1944-10-26
1944,Physiology or Medicine,Herbert S. Gasser,,for their discoveries relating to the highly differentiated functions of single nerve fibres,1/2,121841,3174561,1944-10-26
1945,Chemistry,Artturi Virtanen,,"for his research and inventions in agricultural and nutrition chemistry, especially for his fodder preservation method",1,121333,3161325,1945-11-15
1945,Literature,Gabriela Mistral,,"for her lyric poetry which, inspired by powerful emotions, has made her name a symbol of the idealistic aspirations of the entire Latin American world",1,121333,3161325,1945-11-15
1945,Peace,Cordell Hull,,for his indefatigable work for international understanding and his pivotal role in establishing the United Nations,1,121333,3161325,1945-11-12
1945,Physics,Wolfgang Pauli,,"for the discovery of the Exclusion Principle, also called the Pauli Principle",1,121333,3161325,1945-11-15
1945,Physiology or Medicine,Sir Alexander Fleming,,for the discovery of penicillin and its curative effect in various infectious diseases,1/3,121333,3161325,1945-10-25
1945,Physiology or Medicine,Ernst B. Chain,,for the discovery of penicillin and its curative effect in various infectious diseases,1/3,121333,3161325,1945-10-25
1945,Physiology or Medicine,Sir Howard Florey,,for the discovery of penicillin and its curative effect in various infectious diseases,1/3,121333,3161325,1945-10-25
1946,Chemistry,James B. Sumner,,for his discovery that enzymes can be crystallized,1/2,121524,3166301,1946-11-14
1946,Chemistry,John H. Northrop,,for their preparation of enzymes and virus proteins in a pure form,1/4,121524,3166301,1946-11-14
1946,Chemistry,Wendell M. Stanley,,for their preparation of enzymes and virus proteins in a pure form,1/4,121524,3166301,1946-11-14
1946,Literature,Hermann Hesse,,"for his inspired writings which, while growing in boldness and penetration, exemplify the classical humanitarian ideals and high qualities of style",1,121524,3166301,1946-11-14
1946,Peace,Emily Greene Balch,,for her lifelong work for the cause of peace,1/2,121524,3166301,1946-11-14
1946,Peace,John R. Mott,,for his contribution to the creation of a peace-promoting religious brotherhood across national boundaries,1/2,121524,3166301,1946-11-14
1946,Physics,Percy W. Bridgman,,"for the invention of an apparatus to produce extremely high pressures, and for the discoveries he made therewith in the field of high pressure physics",1,121524,3166301,1946-11-14
1946,Physiology or Medicine,Hermann J. Muller,,for the discovery of the production of mutations by means of X-ray irradiation,1,121524,3166301,1946-10-31
1947,Chemistry,Sir Robert Robinson,,"for his investigations on plant products of biological importance, especially the alkaloids",1,146115,3685518,1947-11-13
1947,Literature,André Gide,,"for his comprehensive and artistically significant writings, in which human problems and conditions have been presented with a fearless love of truth and keen psychological insight",1,146115,3685518,1947-11-13
1947,Peace,,,"for their pioneering work in the international peace movement and compassionate effort to relieve human suffering, thereby promoting the fraternity between nations",1/2,146115,3685518,1947-10-30
1947,Peace,,,"for their pioneering work in the international peace movement and compassionate effort to relieve human suffering, thereby promoting the fraternity between nations",1/2,146115,3685518,1947-10-30
1947,Physics,Edward V. Appleton,,for his investigations of the physics of the upper atmosphere especially for the discovery of the so-called Appleton layer,1,146115,3685518,1947-11-13
1947,Physiology or Medicine,Carl Cori,,for their discovery of the course of the catalytic conversion of glycogen,1/4,146115,3685518,1947-10-23
1947,Physiology or Medicine,Gerty Cori,,for their discovery of the course of the catalytic conversion of glycogen,1/4,146115,3685518,1947-10-23
1947,Physiology or Medicine,Bernardo Houssay,,for his discovery of the part played by the hormone of the anterior pituitary lobe in the metabolism of sugar,1/2,146115,3685518,1947-10-23
1948,Chemistry,Arne Tiselius,,"for his research on electrophoresis and adsorption analysis, especially for his discoveries concerning the complex nature of the serum proteins",1,159773,3865528,1948-11-04
1948,Literature,T.S. Eliot,,"for his outstanding, pioneer contribution to present-day poetry",1,159773,3865528,1948-11-04
1948,Physics,Patrick M.S. Blackett,,"for his development of the Wilson cloud chamber method, and his discoveries therewith in the fields of nuclear physics and cosmic radiation",1,159773,3865528,1948-11-04
1948,Physiology or Medicine,Paul Müller,,for his discovery of the high efficiency of DDT as a contact poison against several arthropods,1,159773,3865528,1948-10-28
1949,Chemistry,William F. Giauque,,"for his contributions in the field of chemical thermodynamics, particularly concerning the behaviour of substances at extremely low temperatures",1,156290,3705636,1949-11-03
1949,Literature,William Faulkner,,for his powerful and artistically unique contribution to the modern American novel,1,156290,3705636,1950-11-10
1949,Peace,Lord Boyd Orr,,"for his lifelong effort to conquer hunger and want, thereby helping to remove a major cause of military conflict and war",1,156290,3705636,1949-10-12
1949,Physics,Hideki Yukawa,,for his prediction of the existence of mesons on the basis of theoretical work on nuclear forces,1,156290,3705636,1949-11-03
1949,Physiology or Medicine,Walter Hess,,for his discovery of the functional organization of the interbrain as a coordinator of the activities of the internal organs,1/2,156290,3705636,1949-10-27
1949,Physiology or Medicine,Egas Moniz,,for his discovery of the therapeutic value of leucotomy in certain psychoses,1/2,156290,3705636,1949-10-27
1950,Chemistry,Otto Diels,,for their discovery and development of the diene synthesis,1/2,164304,3857077,1950-11-10
1950,Chemistry,Kurt Alder,,for their discovery and development of the diene synthesis,1/2,164304,3857077,1950-11-10
1950,Literature,Bertrand Russell,,in recognition of his varied and significant writings in which he champions humanitarian ideals and freedom of thought,1,164304,3857077,1950-11-10
1950,Peace,Ralph Bunche,,for his work as mediator in Palestine in 1948-1949,1,164304,3857077,1950-09-22
1950,Physics,Cecil Powell,,for his development of the photographic method of studying nuclear processes and his discoveries regarding mesons made with this method,1,164304,3857077,1950-11-10
1950,Physiology or Medicine,Edward C. Kendall,,"for their discoveries relating to the hormones of the adrenal cortex, their structure and biological effects",1/3,164304,3857077,1950-10-26
1950,Physiology or Medicine,Tadeus Reichstein,,"for their discoveries relating to the hormones of the adrenal cortex, their structure and biological effects",1/3,164304,3857077,1950-10-26
1950,Physiology or Medicine,Philip S. Hench,,"for their discoveries relating to the hormones of the adrenal cortex, their structure and biological effects",1/3,164304,3857077,1950-10-26
1951,Chemistry,Edwin M. McMillan,,for their discoveries in the chemistry of the transuranium elements,1/2,167612,3396650,1951-11-15
1951,Chemistry,Glenn T. Seaborg,,for their discoveries in the chemistry of the transuranium elements,1/2,167612,3396650,1951-11-15
1951,Literature,Pär Lagerkvist,,for the artistic vigour and true independence of mind with which he endeavours in his poetry to find answers to the eternal questions confronting mankind,1,167612,3396650,1951-11-15
1951,Peace,Léon Jouhaux,,for having devoted his life to the fight against war through the promotion of social justice and brotherhood among men and nations,1,167612,3396650,1951-11-05
1951,Physics,John Cockcroft,,for their pioneer work on the transmutation of atomic nuclei by artificially accelerated atomic particles,1/2,167612,3396650,1951-11-15
1951,Physics,Ernest T.S. Walton,,for their pioneer work on the transmutation of atomic nuclei by artificially accelerated atomic particles,1/2,167612,3396650,1951-11-15
1951,Physiology or Medicine,Max Theiler,,for his discoveries concerning yellow fever and how to combat it,1,167612,3396650,1951-10-18
1952,Chemistry,Archer J.P. Martin,,for their invention of partition chromatography,1/2,171135,3220326,1952-11-06
1952,Chemistry,Richard L.M. Synge,,for their invention of partition chromatography,1/2,171135,3220326,1952-11-06
1952,Literature,François Mauriac,,for the deep spiritual insight and the artistic intensity with which he has in his novels penetrated the drama of human life,1,171135,3220326,1952-11-06
1952,Peace,Albert Schweitzer,,"for his altruism, reverence for life, and tireless humanitarian work which has helped making the idea of brotherhood between men and nations a living one",1,171135,3220326,1953-10-30
1952,Physics,Felix Bloch,,for their development of new methods for nuclear magnetic precision measurements and discoveries in connection therewith,1/2,171135,3220326,1952-11-06
1952,Physics,E. M. Purcell,,for their development of new methods for nuclear magnetic precision measurements and discoveries in connection therewith,1/2,171135,3220326,1952-11-06
1952,Physiology or Medicine,Selman A. Waksman,,"for his discovery of streptomycin, the first antibiotic effective against tuberculosis",1,171135,3220326,1952-10-23
1953,Chemistry,Hermann Staudinger,,for his discoveries in the field of macromolecular chemistry,1,175293,3247029,1953-11-04
1953,Literature,Winston Churchill,,for his mastery of historical and biographical description as well as for brilliant oratory in defending exalted human values,1,175293,3247029,1953-10-15
1953,Peace,George C. Marshall,,for proposing and supervising the plan for the economic recovery of Europe,1,175293,3247029,1953-10-30
1953,Physics,Frits Zernike,,"for his demonstration of the phase contrast method, especially for his invention of the phase contrast microscope",1,175293,3247029,1953-11-04
1953,Physiology or Medicine,Hans Krebs,,for his discovery of the citric acid cycle,1/2,175293,3247029,1953-10-22
1953,Physiology or Medicine,Fritz Lipmann,,for his discovery of co-enzyme A and its importance for intermediary metabolism,1/2,175293,3247029,1953-10-22
1954,Chemistry,Linus Pauling,,for his research into the nature of the chemical bond and its application to the elucidation of the structure of complex substances,1,181647,3338644,1954-11-03
1954,Literature,Ernest Hemingway,,"for his mastery of the art of narrative, most recently demonstrated in <I>The Old Man and the Sea,</I> and for the influence that he has exerted on contemporary style",1,181647,3338644,1954-10-28
1954,Peace,,,for its efforts to heal the wounds of war by providing help and protection to refugees all over the world,1,181647,3338644,1955-11-05
1954,Physics,Max Born,,"for his fundamental research in quantum mechanics, especially for his statistical interpretation of the wavefunction",1/2,181647,3338644,1954-11-03
1954,Physics,Walther Bothe,,for the coincidence method and his discoveries made therewith,1/2,181647,3338644,1954-11-03
1954,Physiology or Medicine,John F. Enders,,for their discovery of the ability of poliomyelitis viruses to grow in cultures of various types of tissue,1/3,181647,3338644,1954-10-21
1954,Physiology or Medicine,Thomas H. Weller,,for their discovery of the ability of poliomyelitis viruses to grow in cultures of various types of tissue,1/3,181647,3338644,1954-10-21
1954,Physiology or Medicine,Frederick C. Robbins,,for their discovery of the ability of poliomyelitis viruses to grow in cultures of various types of tissue,1/3,181647,3338644,1954-10-21
1955,Chemistry,Vincent du Vigneaud,,"for his work on biochemically important sulphur compounds, especially for the first synthesis of a polypeptide hormone",1,190214,3390958,1955-11-02
1955,Literature,Halldór Laxness,,for his vivid epic power which has renewed the great narrative art of Iceland,1,190214,3390958,1955-10-27
1955,Physics,Willis E. Lamb,,for his discoveries concerning the fine structure of the hydrogen spectrum,1/2,190214,3390958,1955-11-02
1955,Physics,Polykarp Kusch,,for his precision determination of the magnetic moment of the electron,1/2,190214,3390958,1955-11-02
1955,Physiology or Medicine,Hugo Theorell,,for his discoveries concerning the nature and mode of action of oxidation enzymes,1,190214,3390958,1955-10-20
1956,Chemistry,Sir Cyril Hinshelwood,,for their researches into the mechanism of chemical reactions,1/2,200123,3413609,1956-11-01
1956,Chemistry,Nikolay Semenov,,for their researches into the mechanism of chemical reactions,1/2,200123,3413609,1956-11-01
1956,Literature,Juan Ramón Jiménez,,"for his lyrical poetry, which in Spanish language constitutes an example of high spirit and artistical purity",1,200123,3413609,1956-10-25
1956,Physics,William B. Shockley,,for their researches on semiconductors and their discovery of the transistor effect,1/3,200123,3413609,1956-11-01
1956,Physics,John Bardeen,,for their researches on semiconductors and their discovery of the transistor effect,1/3,200123,3413609,1956-11-01
1956,Physics,Walter H. Brattain,,for their researches on semiconductors and their discovery of the transistor effect,1/3,200123,3413609,1956-11-01
1956,Physiology or Medicine,André F. Cournand,,for their discoveries concerning heart catheterization and pathological changes in the circulatory system,1/3,200123,3413609,1956-10-18
1956,Physiology or Medicine,Werner Forssmann,,for their discoveries concerning heart catheterization and pathological changes in the circulatory system,1/3,200123,3413609,1956-10-18
1956,Physiology or Medicine,Dickinson W. Richards,,for their discoveries concerning heart catheterization and pathological changes in the circulatory system,1/3,200123,3413609,1956-10-18
1957,Chemistry,Lord Todd,,for his work on nucleotides and nucleotide co-enzymes,1,208629,3411444,1957-10-31
1957,Literature,Albert Camus,,"for his important literary production, which with clear-sighted earnestness illuminates the problems of the human conscience in our times",1,208629,3411444,1957-10-17
1957,Peace,Lester Bowles Pearson,,for his crucial contribution to the deployment of a United Nations Emergency Force in the wake of the Suez Crisis,1,208629,3411444,1957-10-03
1957,Physics,Chen Ning Yang,,for their penetrating investigation of the so-called parity laws which has led to important discoveries regarding the elementary particles,1/2,208629,3411444,1957-10-31
1957,Physics,Tsung-Dao Lee,,for their penetrating investigation of the so-called parity laws which has led to important discoveries regarding the elementary particles,1/2,208629,3411444,1957-10-31
1957,Physiology or Medicine,Daniel Bovet,,"for his discoveries relating to synthetic compounds that inhibit the action of certain body substances, and especially their action on the vascular system and the skeletal muscles",1,208629,3411444,1957-10-24
1958,Chemistry,Frederick Sanger,,"for his work on the structure of proteins, especially that of insulin",1,214559,3346838,1958-10-28
1958,Literature,Boris Pasternak,,for his important achievement both in contemporary lyrical poetry and in the field of the great Russian epic tradition,1,214559,3346838,1958-10-28
1958,Peace,Georges Pire,,for his efforts to help refugees to leave their camps and return to a life of freedom and dignity,1,214559,3346838,1958-11-10
1958,Physics,Pavel A. Cherenkov,,for the discovery and the interpretation of the Cherenkov effect,1/3,214559,3346838,1958-10-28
1958,Physics,Il´ja M. Frank,,for the discovery and the interpretation of the Cherenkov effect,1/3,214559,3346838,1958-10-28
1958,Physics,Igor Y. Tamm,,for the discovery and the interpretation of the Cherenkov effect,1/3,214559,3346838,1958-10-28
1958,Physiology or Medicine,George Beadle,,for their discovery that genes act by regulating definite chemical events,1/4,214559,3346838,1958-10-30
1958,Physiology or Medicine,Edward Tatum,,for their discovery that genes act by regulating definite chemical events,1/4,214559,3346838,1958-10-30
1958,Physiology or Medicine,Joshua Lederberg,,for his discoveries concerning genetic recombination and the organization of the genetic material of bacteria,1/2,214559,3346838,1958-10-30
1959,Chemistry,Jaroslav Heyrovsky,,for his discovery and development of the polarographic methods of analysis,1,220678,3419788,1959-10-26
1959,Literature,Salvatore Quasimodo,,"for his lyrical poetry, which with classical fire expresses the tragic experience of life in our own times",1,220678,3419788,1959-10-22
1959,Peace,Philip Noel-Baker,,for his longstanding contribution to the cause of disarmament and peace,1,220678,3419788,1959-11-05
1959,Physics,Emilio Segrè,,for their discovery of the antiproton,1/2,220678,3419788,1959-10-26
1959,Physics,Owen Chamberlain,,for their discovery of the antiproton,1/2,220678,3419788,1959-10-26
1959,Physiology or Medicine,Severo Ochoa,,for their discovery of the mechanisms in the biological synthesis of ribonucleic acid and deoxyribonucleic acid,1/2,220678,3419788,1959-10-15
1959,Physiology or Medicine,Arthur Kornberg,,for their discovery of the mechanisms in the biological synthesis of ribonucleic acid and deoxyribonucleic acid,1/2,220678,3419788,1959-10-15
1960,Chemistry,Willard F. Libby,,"for his method to use carbon-14 for age determination in archaeology, geology, geophysics, and other branches of science",1,225987,3369907,1960-11-03
1960,Literature,Saint-John Perse,,for the soaring flight and the evocative imagery of his poetry which in a visionary fashion reflects the conditions of our time,1,225987,3369907,1960-10-26
1960,Peace,Albert Lutuli,,for his non-violent struggle against apartheid,1,225987,3369907,1961-10-23
1960,Physics,Donald A. Glaser,,for the invention of the bubble chamber,1,225987,3369907,1960-11-03
1960,Physiology or Medicine,Sir Frank Macfarlane Burnet,,for discovery of acquired immunological tolerance,1/2,225987,3369907,1960-10-20
1960,Physiology or Medicine,Peter Medawar,,for discovery of acquired immunological tolerance,1/2,225987,3369907,1960-10-20
1961,Chemistry,Melvin Calvin,,for his research on the carbon dioxide assimilation in plants,1,250233,3639892,1961-11-02
1961,Literature,Ivo Andrić,,for the epic force with which he has traced themes and depicted human destinies drawn from the history of his country,1,250233,3639892,1961-10-26
1961,Peace,Dag Hammarskjöld,,"for developing the UN into an effective and constructive international organization, capable of giving life to the principles and aims expressed in the UN Charter",1,250233,3639892,1961-10-23
1961,Physics,Robert Hofstadter,,for his pioneering studies of electron scattering in atomic nuclei and for his thereby achieved discoveries concerning the structure of the nucleons,1/2,250233,3639892,1961-11-02
1961,Physics,Rudolf Mössbauer,,for his researches concerning the resonance absorption of gamma radiation and his discovery in this connection of the effect which bears his name,1/2,250233,3639892,1961-11-02
1961,Physiology or Medicine,Georg von Békésy,,for his discoveries of the physical mechanism of stimulation within the cochlea,1,250233,3639892,1961-10-19
1962,Chemistry,Max F. Perutz,,for their studies of the structures of globular proteins,1/2,257220,3587462,1962-11-01
1962,Chemistry,John C. Kendrew,,for their studies of the structures of globular proteins,1/2,257220,3587462,1962-11-01
1962,Literature,John Steinbeck,,"for his realistic and imaginative writings, combining as they do sympathetic humour and keen social perception",1,257220,3587462,1962-10-05
1962,Peace,Linus Pauling,,for his fight against the nuclear arms race between East and West,1,257220,3587462,1963-10-10
1962,Physics,Lev Landau,,"for his pioneering theories for condensed matter, especially liquid helium",1,257220,3587462,1962-11-01
1962,Physiology or Medicine,Francis Crick,,for their discoveries concerning the molecular structure of nucleic acids and its significance for information transfer in living material,1/3,257220,3587462,1962-10-18
1962,Physiology or Medicine,James Watson,,for their discoveries concerning the molecular structure of nucleic acids and its significance for information transfer in living material,1/3,257220,3587462,1962-10-18
1962,Physiology or Medicine,Maurice Wilkins,,for their discoveries concerning the molecular structure of nucleic acids and its significance for information transfer in living material,1/3,257220,3587462,1962-10-18
1963,Chemistry,Karl Ziegler,,for their discoveries in the field of the chemistry and technology of high polymers,1/2,265000,3590371,1963-11-05
1963,Chemistry,Giulio Natta,,for their discoveries in the field of the chemistry and technology of high polymers,1/2,265000,3590371,1963-11-05
1963,Literature,Giorgos Seferis,,"for his eminent lyrical writing, inspired by a deep feeling for the Hellenic world of culture",1,265000,3590371,1963-10-24
1963,Peace,,,for promoting the principles of the Geneva Convention and cooperation with the UN,1/2,265000,3590371,1963-10-10
1963,Peace,,,for promoting the principles of the Geneva Convention and cooperation with the UN,1/2,265000,3590371,1963-10-10
1963,Physics,Eugene Wigner,,"for his contributions to the theory of the atomic nucleus and the elementary particles, particularly through the discovery and application of fundamental symmetry principles",1/2,265000,3590371,1963-11-05
1963,Physics,Maria Goeppert Mayer,,for their discoveries concerning nuclear shell structure,1/4,265000,3590371,1963-11-05
1963,Physics,J. Hans D. Jensen,,for their discoveries concerning nuclear shell structure,1/4,265000,3590371,1963-11-05
1963,Physiology or Medicine,Sir John Eccles,,for their discoveries concerning the ionic mechanisms involved in excitation and inhibition in the peripheral and central portions of the nerve cell membrane,1/3,265000,3590371,1963-10-17
1963,Physiology or Medicine,Alan Hodgkin,,for their discoveries concerning the ionic mechanisms involved in excitation and inhibition in the peripheral and central portions of the nerve cell membrane,1/3,265000,3590371,1963-10-17
1963,Physiology or Medicine,Andrew Huxley,,for their discoveries concerning the ionic mechanisms involved in excitation and inhibition in the peripheral and central portions of the nerve cell membrane,1/3,265000,3590371,1963-10-17
1964,Chemistry,Dorothy Crowfoot Hodgkin,,for her determinations by X-ray techniques of the structures of important biochemical substances,1,273000,3576149,1964-10-29
1964,Literature,Jean-Paul Sartre,,"for his work which, rich in ideas and filled with the spirit of freedom and the quest for truth, has exerted a far-reaching influence on our age",1,273000,3576149,1964-10-22
1964,Peace,Martin Luther King Jr.,,for his non-violent struggle for civil rights for the Afro-American population,1,273000,3576149,1964-10-14
1964,Physics,Charles H. Townes,,"for fundamental work in the field of quantum electronics, which has led to the construction of oscillators and amplifiers based on the maser-laser principle",1/2,273000,3576149,1964-10-29
1964,Physics,Nicolay G. Basov,,"for fundamental work in the field of quantum electronics, which has led to the construction of oscillators and amplifiers based on the maser-laser principle",1/4,273000,3576149,1964-10-29
1964,Physics,Aleksandr M. Prokhorov,,"for fundamental work in the field of quantum electronics, which has led to the construction of oscillators and amplifiers based on the maser-laser principle",1/4,273000,3576149,1964-10-29
1964,Physiology or Medicine,Konrad Bloch,,for their discoveries concerning the mechanism and regulation of the cholesterol and fatty acid metabolism,1/2,273000,3576149,1964-10-15
1964,Physiology or Medicine,Feodor Lynen,,for their discoveries concerning the mechanism and regulation of the cholesterol and fatty acid metabolism,1/2,273000,3576149,1964-10-15
1965,Chemistry,Robert B. Woodward,,for his outstanding achievements in the art of organic synthesis,1,282000,3519063,1965-10-21
1965,Literature,Mikhail Sholokhov,,"for the artistic power and integrity with which, in his epic of the Don, he has given expression to a historic phase in the life of the Russian people",1,282000,3519063,1965-10-15
1965,Peace,,,for its effort to enhance solidarity between nations and reduce the difference between rich and poor states,1,282000,3519063,1965-10-25
1965,Physics,Sin-Itiro Tomonaga,,"for their fundamental work in quantum electrodynamics, with deep-ploughing consequences for the physics of elementary particles",1/3,282000,3519063,1965-10-21
1965,Physics,Julian Schwinger,,"for their fundamental work in quantum electrodynamics, with deep-ploughing consequences for the physics of elementary particles",1/3,282000,3519063,1965-10-21
1965,Physics,Richard P. Feynman,,"for their fundamental work in quantum electrodynamics, with deep-ploughing consequences for the physics of elementary particles",1/3,282000,3519063,1965-10-21
1965,Physiology or Medicine,François Jacob,,for their discoveries concerning genetic control of enzyme and virus synthesis,1/3,282000,3519063,1965-10-14
1965,Physiology or Medicine,André Lwoff,,for their discoveries concerning genetic control of enzyme and virus synthesis,1/3,282000,3519063,1965-10-14
1965,Physiology or Medicine,Jacques Monod,,for their discoveries concerning genetic control of enzyme and virus synthesis,1/3,282000,3519063,1965-10-14
1966,Chemistry,Robert S. Mulliken,,for his fundamental work concerning chemical bonds and the electronic structure of molecules by the molecular orbital method,1,300000,3521287,1966-11-03
1966,Literature,Shmuel Agnon,,for his profoundly characteristic narrative art with motifs from the life of the Jewish people,1/2,300000,3521287,1966-10-20
1966,Literature,Nelly Sachs,,"for her outstanding lyrical and dramatic writing, which interprets Israel's destiny with touching strength",1/2,300000,3521287,1966-10-20
1966,Physics,Alfred Kastler,,for the discovery and development of optical methods for studying Hertzian resonances in atoms,1,300000,3521287,1966-11-03
1966,Physiology or Medicine,Peyton Rous,,for his discovery of tumour-inducing viruses,1/2,300000,3521287,1966-10-13
1966,Physiology or Medicine,Charles B. Huggins,,for his discoveries concerning hormonal treatment of prostatic cancer,1/2,300000,3521287,1966-10-13
1967,Chemistry,Manfred Eigen,,"for their studies of extremely fast chemical reactions, effected by disturbing the equilibrium by means of very short pulses of energy",1/2,320000,3595829,1967-10-30
1967,Chemistry,Ronald G.W. Norrish,,"for their studies of extremely fast chemical reactions, effected by disturbing the equilibrium by means of very short pulses of energy",1/4,320000,3595829,1967-10-30
1967,Chemistry,George Porter,,"for their studies of extremely fast chemical reactions, effected by disturbing the equilibrium by means of very short pulses of energy",1/4,320000,3595829,1967-10-30
1967,Literature,Miguel Angel Asturias,,"for his vivid literary achievement, deep-rooted in the national traits and traditions of Indian peoples of Latin America",1,320000,3595829,1967-10-19
1967,Physics,Hans Bethe,,"for his contributions to the theory of nuclear reactions, especially his discoveries concerning the energy production in stars",1,320000,3595829,1967-10-30
1967,Physiology or Medicine,Ragnar Granit,,for their discoveries concerning the primary physiological and chemical visual processes in the eye,1/3,320000,3595829,1967-10-18
1967,Physiology or Medicine,Keffer Hartline,,for their discoveries concerning the primary physiological and chemical visual processes in the eye,1/3,320000,3595829,1967-10-18
1967,Physiology or Medicine,George Wald,,for their discoveries concerning the primary physiological and chemical visual processes in the eye,1/3,320000,3595829,1967-10-18
1968,Chemistry,Lars Onsager,,"for the discovery of the reciprocal relations bearing his name, which are fundamental for the thermodynamics of irreversible processes",1,350000,3859767,1968-10-30
1968,Literature,Yasunari Kawabata,,"for his narrative mastery, which with great sensibility expresses the essence of the Japanese mind",1,350000,3859767,1968-10-17
1968,Peace,René Cassin,,for his struggle to ensure the rights of man as stipulated in the UN Declaration,1,350000,3859767,1968-10-09
1968,Physics,Luis Alvarez,,"for his decisive contributions to elementary particle physics, in particular the discovery of a large number of resonance states, made possible through his development of the technique of using hydrogen bubble chamber and data analysis",1,350000,3859767,1968-10-30
1968,Physiology or Medicine,Robert W. Holley,,for their interpretation of the genetic code and its function in protein synthesis,1/3,350000,3859767,1968-10-16
1968,Physiology or Medicine,H. Gobind Khorana,,for their interpretation of the genetic code and its function in protein synthesis,1/3,350000,3859767,1968-10-16
1968,Physiology or Medicine,Marshall W. Nirenberg,,for their interpretation of the genetic code and its function in protein synthesis,1/3,350000,3859767,1968-10-16
1969,Chemistry,Derek Barton,,for their contributions to the development of the concept of conformation and its application in chemistry,1/2,375000,4023190,1969-10-30
1969,Chemistry,Odd Hassel,,for their contributions to the development of the concept of conformation and its application in chemistry,1/2,375000,4023190,1969-10-30
1969,Economic Sciences,Ragnar Frisch,,for having developed and applied dynamic models for the analysis of economic processes,1/2,375000,4023190,1969-10-27
1969,Economic Sciences,Jan Tinbergen,,for having developed and applied dynamic models for the analysis of economic processes,1/2,375000,4023190,1969-10-27
1969,Literature,Samuel Beckett,,"for his writing, which - in new forms for the novel and drama - in the destitution of modern man acquires its elevation",1,375000,4023190,1969-10-23
1969,Peace,,,for creating international legislation insuring certain norms for working conditions in every country,1,375000,4023190,1969-10-20
1969,Physics,Murray Gell-Mann,,for his contributions and discoveries concerning the classification of elementary particles and their interactions,1,375000,4023190,1969-10-30
1969,Physiology or Medicine,Max Delbrück,,for their discoveries concerning the replication mechanism and the genetic structure of viruses,1/3,375000,4023190,1969-10-16
1969,Physiology or Medicine,Alfred D. Hershey,,for their discoveries concerning the replication mechanism and the genetic structure of viruses,1/3,375000,4023190,1969-10-16
1969,Physiology or Medicine,Salvador E. Luria,,for their discoveries concerning the replication mechanism and the genetic structure of viruses,1/3,375000,4023190,1969-10-16
1970,Chemistry,Luis Leloir,,for his discovery of sugar nucleotides and their role in the biosynthesis of carbohydrates,1,400000,4018644,1970-10-27
1970,Economic Sciences,Paul A. Samuelson,,for the scientific work through which he has developed static and dynamic economic theory and actively contributed to raising the level of analysis in economic science,1,400000,4018644,1970-10-26
1970,Literature,Aleksandr Solzhenitsyn,,for the ethical force with which he has pursued the indispensable traditions of Russian literature,1,400000,4018644,1970-10-08
1970,Peace,Norman Borlaug,,for having given a well-founded hope - the green revolution,1,400000,4018644,1970-10-21
1970,Physics,Hannes Alfvén,,for fundamental work and discoveries in magnetohydro-dynamics with fruitful applications in different parts of plasma physics,1/2,400000,4018644,1970-10-27
1970,Physics,Louis Néel,,for fundamental work and discoveries concerning antiferromagnetism and ferrimagnetism which have led to important applications in solid state physics,1/2,400000,4018644,1970-10-27
1970,Physiology or Medicine,Sir Bernard Katz,,"for their discoveries concerning the humoral transmitters in the nerve terminals and the mechanism for their storage, release and inactivation",1/3,400000,4018644,1970-10-15
1970,Physiology or Medicine,Ulf von Euler,,"for their discoveries concerning the humoral transmitters in the nerve terminals and the mechanism for their storage, release and inactivation",1/3,400000,4018644,1970-10-15
1970,Physiology or Medicine,Julius Axelrod,,"for their discoveries concerning the humoral transmitters in the nerve terminals and the mechanism for their storage, release and inactivation",1/3,400000,4018644,1970-10-15
1971,Chemistry,Gerhard Herzberg,,"for his contributions to the knowledge of electronic structure and geometry of molecules, particularly free radicals",1,450000,4200591,1971-11-02
1971,Economic Sciences,Simon Kuznets,,for his empirically founded interpretation of economic growth which has led to new and deepened insight into the economic and social structure and process of development,1,450000,4200591,1971-10-15
1971,Literature,Pablo Neruda,,for a poetry that with the action of an elemental force brings alive a continent's destiny and dreams,1,450000,4200591,1971-10-21
1971,Peace,Willy Brandt,,for paving the way for a meaningful dialogue between East and West,1,450000,4200591,1971-10-21
1971,Physics,Dennis Gabor,,for his invention and development of the holographic method,1,450000,4200591,1971-11-02
1971,Physiology or Medicine,"Earl W. Sutherland, Jr.",,for his discoveries concerning the mechanisms of the action of hormones,1,450000,4200591,1971-10-14
1972,Chemistry,Christian Anfinsen,,"for his work on ribonuclease, especially concerning the connection between the amino acid sequence and the biologically active conformation",1/2,480000,4230781,1972-10-20
1972,Chemistry,Stanford Moore,,for their contribution to the understanding of the connection between chemical structure and catalytic activity of the active centre of the ribonuclease molecule,1/4,480000,4230781,1972-10-20
1972,Chemistry,William H. Stein,,for their contribution to the understanding of the connection between chemical structure and catalytic activity of the active centre of the ribonuclease molecule,1/4,480000,4230781,1972-10-20
1972,Economic Sciences,John R. Hicks,,for their pioneering contributions to general economic equilibrium theory and welfare theory,1/2,480000,4230781,1972-10-25
1972,Economic Sciences,Kenneth J. Arrow,,for their pioneering contributions to general economic equilibrium theory and welfare theory,1/2,480000,4230781,1972-10-25
1972,Literature,Heinrich Böll,,for his writing which through its combination of a broad perspective on his time and a sensitive skill in characterization has contributed to a renewal of German literature,1,480000,4230781,1972-10-19
1972,Physics,John Bardeen,,"for their jointly developed theory of superconductivity, usually called the BCS-theory",1/3,480000,4230781,1972-10-20
1972,Physics,Leon N. Cooper,,"for their jointly developed theory of superconductivity, usually called the BCS-theory",1/3,480000,4230781,1972-10-20
1972,Physics,Robert Schrieffer,,"for their jointly developed theory of superconductivity, usually called the BCS-theory",1/3,480000,4230781,1972-10-20
1972,Physiology or Medicine,Gerald M. Edelman,,for their discoveries concerning the chemical structure of antibodies,1/2,480000,4230781,1972-10-12
1972,Physiology or Medicine,Rodney R. Porter,,for their discoveries concerning the chemical structure of antibodies,1/2,480000,4230781,1972-10-12
1973,Chemistry,Ernst Otto Fischer,,"for their pioneering work, performed independently, on the chemistry of the organometallic, so called sandwich compounds",1/2,510000,4213275,1973-10-23
1973,Chemistry,Geoffrey Wilkinson,,"for their pioneering work, performed independently, on the chemistry of the organometallic, so called sandwich compounds",1/2,510000,4213275,1973-10-23
1973,Economic Sciences,Wassily Leontief,,for the development of the input-output method and for its application to important economic problems,1,510000,4213275,1973-10-18
1973,Literature,Patrick White,,for an epic and psychological narrative art which has introduced a new continent into literature,1,510000,4213275,1973-10-25
1973,Peace,Henry Kissinger,,for jointly having negotiated a cease fire in Vietnam in 1973,1/2,510000,4213275,1973-10-17
1973,Peace,Le Duc Tho ,,for jointly having negotiated a cease fire in Vietnam in 1973,1/2,510000,4213275,1973-10-17
1973,Physics,Leo Esaki,,"for their experimental discoveries regarding tunneling phenomena in semiconductors and superconductors, respectively",1/4,510000,4213275,1973-10-23
1973,Physics,Ivar Giaever,,"for their experimental discoveries regarding tunneling phenomena in semiconductors and superconductors, respectively",1/4,510000,4213275,1973-10-23
1973,Physics,Brian D. Josephson,,"for his theoretical predictions of the properties of a supercurrent through a tunnel barrier, in particular those phenomena which are generally known as the Josephson effects",1/2,510000,4213275,1973-10-23
1973,Physiology or Medicine,Karl von Frisch,,for their discoveries concerning organization and elicitation of individual and social behaviour patterns,1/3,510000,4213275,1973-10-11
1973,Physiology or Medicine,Konrad Lorenz,,for their discoveries concerning organization and elicitation of individual and social behaviour patterns,1/3,510000,4213275,1973-10-11
1973,Physiology or Medicine,Nikolaas Tinbergen,,for their discoveries concerning organization and elicitation of individual and social behaviour patterns,1/3,510000,4213275,1973-10-11
1974,Chemistry,Paul J. Flory,,"for his fundamental achievements, both theoretical and experimental, in the physical chemistry of the macromolecules",1,550000,4126741,1974-10-15
1974,Economic Sciences,Gunnar Myrdal,,"for their pioneering work in the theory of money and economic fluctuations and for their penetrating analysis of the interdependence of economic, social and institutional phenomena",1/2,550000,4126741,1974-10-09
1974,Economic Sciences,Friedrich von Hayek,,"for their pioneering work in the theory of money and economic fluctuations and for their penetrating analysis of the interdependence of economic, social and institutional phenomena",1/2,550000,4126741,1974-10-09
1974,Literature,Eyvind Johnson,,"for a narrative art, far-seeing in lands and ages, in the service of freedom",1/2,550000,4126741,1974-10-03
1974,Literature,Harry Martinson,,for writings that catch the dewdrop and reflect the cosmos,1/2,550000,4126741,1974-10-03
1974,Peace,Seán MacBride,,for his efforts to secure and develop human rights throughout the world,1/2,550000,4126741,1974-10-09
1974,Peace,Eisaku Satō,,for his contribution to stabilize conditions in the Pacific rim area and for signing the Nuclear Non-Proliferation Treaty,1/2,550000,4126741,1974-10-09
1974,Physics,Martin Ryle,,"for their pioneering research in radio astrophysics: Ryle for his observations and inventions, in particular of the aperture synthesis technique, and Hewish for his decisive role in the discovery of pulsars",1/2,550000,4126741,1974-10-15
1974,Physics,Antony Hewish,,"for their pioneering research in radio astrophysics: Ryle for his observations and inventions, in particular of the aperture synthesis technique, and Hewish for his decisive role in the discovery of pulsars",1/2,550000,4126741,1974-10-15
1974,Physiology or Medicine,Albert Claude,,for their discoveries concerning the structural and functional organization of the cell,1/3,550000,4126741,1974-10-10
1974,Physiology or Medicine,Christian de Duve,,for their discoveries concerning the structural and functional organization of the cell,1/3,550000,4126741,1974-10-10
1974,Physiology or Medicine,George E. Palade,,for their discoveries concerning the structural and functional organization of the cell,1/3,550000,4126741,1974-10-10
1975,Chemistry,John Cornforth,,for his work on the stereochemistry of enzyme-catalyzed reactions,1/2,630000,4304697,1975-10-17
1975,Chemistry,Vladimir Prelog,,for his research into the stereochemistry of organic molecules and reactions,1/2,630000,4304697,1975-10-17
1975,Economic Sciences,Leonid Vitaliyevich Kantorovich,,for their contributions to the theory of optimum allocation of resources,1/2,630000,4304697,1975-10-14
1975,Economic Sciences,Tjalling C. Koopmans,,for their contributions to the theory of optimum allocation of resources,1/2,630000,4304697,1975-10-14
1975,Literature,Eugenio Montale,,"for his distinctive poetry which, with great artistic sensitivity, has interpreted human values under the sign of an outlook on life with no illusions",1,630000,4304697,1975-10-23
1975,Peace,Andrei Sakharov,,"for his struggle for human rights in the Soviet Union, for disarmament and cooperation between all nations",1,630000,4304697,1975-10-09
1975,Physics,Aage N. Bohr,,for the discovery of the connection between collective motion and particle motion in atomic nuclei and the development of the theory of the structure of the atomic nucleus based on this connection,1/3,630000,4304697,1975-10-17
1975,Physics,Ben R. Mottelson,,for the discovery of the connection between collective motion and particle motion in atomic nuclei and the development of the theory of the structure of the atomic nucleus based on this connection,1/3,630000,4304697,1975-10-17
1975,Physics,James Rainwater,,for the discovery of the connection between collective motion and particle motion in atomic nuclei and the development of the theory of the structure of the atomic nucleus based on this connection,1/3,630000,4304697,1975-10-17
1975,Physiology or Medicine,David Baltimore,,for their discoveries concerning the interaction between tumour viruses and the genetic material of the cell,1/3,630000,4304697,1975-10-16
1975,Physiology or Medicine,Renato Dulbecco,,for their discoveries concerning the interaction between tumour viruses and the genetic material of the cell,1/3,630000,4304697,1975-10-16
1975,Physiology or Medicine,Howard M. Temin,,for their discoveries concerning the interaction between tumour viruses and the genetic material of the cell,1/3,630000,4304697,1975-10-16
1976,Chemistry,William Lipscomb,,for his studies on the structure of boranes illuminating problems of chemical bonding,1,681000,4226835,1976-10-18
1976,Economic Sciences,Milton Friedman,,"for his achievements in the fields of consumption analysis, monetary history and theory and for his demonstration of the complexity of stabilization policy",1,681000,4226835,1976-10-14
1976,Literature,Saul Bellow,,for the human understanding and subtle analysis of contemporary culture that are combined in his work,1,681000,4226835,1976-10-21
1976,Peace,Betty Williams,,for the courageous efforts in founding a movement to put an end to the violent conflict in Northern Ireland,1/2,681000,4226835,1977-10-10
1976,Peace,Mairead Corrigan,,for the courageous efforts in founding a movement to put an end to the violent conflict in Northern Ireland,1/2,681000,4226835,1977-10-10
1976,Physics,Burton Richter,,for their pioneering work in the discovery of a heavy elementary particle of a new kind,1/2,681000,4226835,1976-10-18
1976,Physics,Samuel C.C. Ting,,for their pioneering work in the discovery of a heavy elementary particle of a new kind,1/2,681000,4226835,1976-10-18
1976,Physiology or Medicine,Baruch S. Blumberg,,for their discoveries concerning new mechanisms for the origin and dissemination of infectious diseases,1/2,681000,4226835,1976-10-14
1976,Physiology or Medicine,D. Carleton Gajdusek,,for their discoveries concerning new mechanisms for the origin and dissemination of infectious diseases,1/2,681000,4226835,1976-10-14
1977,Chemistry,Ilya Prigogine,,"for his contributions to non-equilibrium thermodynamics, particularly the theory of dissipative structures",1,700000,3896009,1977-10-11
1977,Economic Sciences,Bertil Ohlin,,for their pathbreaking contribution to the theory of international trade and international capital movements,1/2,700000,3896009,1977-10-14
1977,Economic Sciences,James E. Meade,,for their pathbreaking contribution to the theory of international trade and international capital movements,1/2,700000,3896009,1977-10-14
1977,Literature,Vicente Aleixandre,,"for a creative poetic writing which illuminates man's condition in the cosmos and in present-day society, at the same time representing the great renewal of the traditions of Spanish poetry between the wars",1,700000,3896009,1977-10-06
1977,Peace,,,for worldwide respect for human rights,1,700000,3896009,1977-10-10
1977,Physics,Philip W. Anderson,,for their fundamental theoretical investigations of the electronic structure of magnetic and disordered systems,1/3,700000,3896009,1977-10-11
1977,Physics,Sir Nevill F. Mott,,for their fundamental theoretical investigations of the electronic structure of magnetic and disordered systems,1/3,700000,3896009,1977-10-11
1977,Physics,John H. Van Vleck,,for their fundamental theoretical investigations of the electronic structure of magnetic and disordered systems,1/3,700000,3896009,1977-10-11
1977,Physiology or Medicine,Roger Guillemin,,for their discoveries concerning the peptide hormone production of the brain,1/4,700000,3896009,1977-10-13
1977,Physiology or Medicine,Andrew V. Schally,,for their discoveries concerning the peptide hormone production of the brain,1/4,700000,3896009,1977-10-13
1977,Physiology or Medicine,Rosalyn Yalow,,for the development of radioimmunoassays of peptide hormones,1/2,700000,3896009,1977-10-13
1978,Chemistry,Peter Mitchell,,for his contribution to the understanding of biological energy transfer through the formulation of the chemiosmotic theory,1,725000,3665192,1978-10-17
1978,Economic Sciences,Herbert Simon,,for his pioneering research into the decision-making process within economic organizations,1,725000,3665192,1978-10-16
1978,Literature,Isaac Bashevis Singer,,"for his impassioned narrative art which, with roots in a Polish-Jewish cultural tradition, brings universal human conditions to life",1,725000,3665192,1978-10-05
1978,Peace,Anwar al-Sadat,,for jointly having negotiated peace between Egypt and Israel in 1978,1/2,725000,3665192,1978-10-27
1978,Peace,Menachem Begin,,for jointly having negotiated peace between Egypt and Israel in 1978,1/2,725000,3665192,1978-10-27
1978,Physics,Pyotr Kapitsa,,for his basic inventions and discoveries in the area of low-temperature physics,1/2,725000,3665192,1978-10-17
1978,Physics,Arno Penzias,,for their discovery of cosmic microwave background radiation,1/4,725000,3665192,1978-10-17
1978,Physics,Robert Woodrow Wilson,,for their discovery of cosmic microwave background radiation,1/4,725000,3665192,1978-10-17
1978,Physiology or Medicine,Werner Arber,,for the discovery of restriction enzymes and their application to problems of molecular genetics,1/3,725000,3665192,1978-10-12
1978,Physiology or Medicine,Daniel Nathans,,for the discovery of restriction enzymes and their application to problems of molecular genetics,1/3,725000,3665192,1978-10-12
1978,Physiology or Medicine,Hamilton O. Smith,,for the discovery of restriction enzymes and their application to problems of molecular genetics,1/3,725000,3665192,1978-10-12
1979,Chemistry,Herbert C. Brown,,"for their development of the use of boron- and phosphorus-containing compounds, respectively, into important reagents in organic synthesis",1/2,800000,3778486,1979-10-15
1979,Chemistry,Georg Wittig,,"for their development of the use of boron- and phosphorus-containing compounds, respectively, into important reagents in organic synthesis",1/2,800000,3778486,1979-10-15
1979,Economic Sciences,Theodore W. Schultz,,for their pioneering research into economic development research with particular consideration of the problems of developing countries,1/2,800000,3778486,1979-10-16
1979,Economic Sciences,Sir Arthur Lewis,,for their pioneering research into economic development research with particular consideration of the problems of developing countries,1/2,800000,3778486,1979-10-16
1979,Literature,Odysseus Elytis,,"for his poetry, which, against the background of Greek tradition, depicts with sensuous strength and intellectual clear-sightedness modern man's struggle for freedom and creativeness",1,800000,3778486,1979-10-18
1979,Peace,Mother Teresa,,for her work for bringing help to suffering humanity,1,800000,3778486,1979-10-27
1979,Physics,Sheldon Glashow,,"for their contributions to the theory of the unified weak and electromagnetic interaction between elementary particles, including, inter alia, the prediction of the weak neutral current",1/3,800000,3778486,1979-10-15
1979,Physics,Abdus Salam,,"for their contributions to the theory of the unified weak and electromagnetic interaction between elementary particles, including, inter alia, the prediction of the weak neutral current",1/3,800000,3778486,1979-10-15
1979,Physics,Steven Weinberg,,"for their contributions to the theory of the unified weak and electromagnetic interaction between elementary particles, including, inter alia, the prediction of the weak neutral current",1/3,800000,3778486,1979-10-15
1979,Physiology or Medicine,Allan M. Cormack,,for the development of computer assisted tomography,1/2,800000,3778486,1979-10-11
1979,Physiology or Medicine,Godfrey N. Hounsfield,,for the development of computer assisted tomography,1/2,800000,3778486,1979-10-11
1980,Chemistry,Paul Berg,,"for his fundamental studies of the biochemistry of nucleic acids, with particular regard to recombinant-DNA",1/2,880000,3654081,1980-10-14
1980,Chemistry,Walter Gilbert,,for their contributions concerning the determination of base sequences in nucleic acids,1/4,880000,3654081,1980-10-14
1980,Chemistry,Frederick Sanger,,for their contributions concerning the determination of base sequences in nucleic acids,1/4,880000,3654081,1980-10-14
1980,Economic Sciences,Lawrence R. Klein,,for the creation of econometric models and the application to the analysis of economic fluctuations and economic policies,1,880000,3654081,1980-10-15
1980,Literature,Czesław Miłosz,,who with uncompromising clear-sightedness voices man's exposed condition in a world of severe conflicts,1,880000,3654081,1980-10-09
1980,Peace,Adolfo Pérez Esquivel,,"for being a source of inspiration to repressed people, especially in Latin America",1,880000,3654081,1980-10-27
1980,Physics,James Cronin,,for the discovery of violations of fundamental symmetry principles in the decay of neutral K-mesons,1/2,880000,3654081,1980-10-14
1980,Physics,Val Fitch,,for the discovery of violations of fundamental symmetry principles in the decay of neutral K-mesons,1/2,880000,3654081,1980-10-14
1980,Physiology or Medicine,Baruj Benacerraf,,for their discoveries concerning genetically determined structures on the cell surface that regulate immunological reactions,1/3,880000,3654081,1980-10-10
1980,Physiology or Medicine,Jean Dausset,,for their discoveries concerning genetically determined structures on the cell surface that regulate immunological reactions,1/3,880000,3654081,1980-10-10
1980,Physiology or Medicine,George D. Snell,,for their discoveries concerning genetically determined structures on the cell surface that regulate immunological reactions,1/3,880000,3654081,1980-10-10
1981,Chemistry,Kenichi Fukui,,"for their theories, developed independently, concerning the course of chemical reactions",1/2,1000000,3704688,1981-10-19
1981,Chemistry,Roald Hoffmann,,"for their theories, developed independently, concerning the course of chemical reactions",1/2,1000000,3704688,1981-10-19
1981,Economic Sciences,James Tobin,,"for his analysis of financial markets and their relations to expenditure decisions, employment, production and prices",1,1000000,3704688,1981-10-13
1981,Literature,Elias Canetti,,"for writings marked by a broad outlook, a wealth of ideas and artistic power",1,1000000,3704688,1981-10-15
1981,Peace,,,for promoting the fundamental rights of refugees,1,1000000,3704688,1981-10-14
1981,Physics,Nicolaas Bloembergen,,for their contribution to the development of laser spectroscopy,1/4,1000000,3704688,1981-10-19
1981,Physics,Arthur L. Schawlow,,for their contribution to the development of laser spectroscopy,1/4,1000000,3704688,1981-10-19
1981,Physics,Kai M. Siegbahn,,for his contribution to the development of high-resolution electron spectroscopy,1/2,1000000,3704688,1981-10-19
1981,Physiology or Medicine,Roger W. Sperry,,for his discoveries concerning the functional specialization of the cerebral hemispheres,1/2,1000000,3704688,1981-10-09
1981,Physiology or Medicine,David H. Hubel,,for their discoveries concerning information processing in the visual system,1/4,1000000,3704688,1981-10-09
1981,Physiology or Medicine,Torsten N. Wiesel,,for their discoveries concerning information processing in the visual system,1/4,1000000,3704688,1981-10-09
1982,Chemistry,Aaron Klug,,for his development of crystallographic electron microscopy and his structural elucidation of biologically important nucleic acid-protein complexes,1,1150000,3923237,1982-10-18
1982,Economic Sciences,George J. Stigler,,"for his seminal studies of industrial structures, functioning of markets and causes and effects of public regulation",1,1150000,3923237,1982-10-20
1982,Literature,Gabriel García Márquez,,"for his novels and short stories, in which the fantastic and the realistic are combined in a richly composed world of imagination, reflecting a continent's life and conflicts",1,1150000,3923237,1982-10-21
1982,Peace,Alva Myrdal,,for their work for disarmament and nuclear and weapon-free zones,1/2,1150000,3923237,1982-10-13
1982,Peace,Alfonso García Robles,,for their work for disarmament and nuclear and weapon-free zones,1/2,1150000,3923237,1982-10-13
1982,Physics,Kenneth G. Wilson,,for his theory for critical phenomena in connection with phase transitions,1,1150000,3923237,1982-10-18
1982,Physiology or Medicine,Sune K. Bergström,,for their discoveries concerning prostaglandins and related biologically active substances,1/3,1150000,3923237,1982-10-11
1982,Physiology or Medicine,Bengt I. Samuelsson,,for their discoveries concerning prostaglandins and related biologically active substances,1/3,1150000,3923237,1982-10-11
1982,Physiology or Medicine,John R. Vane,,for their discoveries concerning prostaglandins and related biologically active substances,1/3,1150000,3923237,1982-10-11
1983,Chemistry,Henry Taube,,"for his work on the mechanisms of electron transfer reactions, especially in metal complexes",1,1500000,4698151,1983-10-19
1983,Economic Sciences,Gerard Debreu,,for having incorporated new analytical methods into economic theory and for his rigorous reformulation of the theory of general equilibrium,1,1500000,4698151,1983-10-17
1983,Literature,William Golding,,"for his novels which, with the perspicuity of realistic narrative art and the diversity and universality of myth, illuminate the human condition in the world of today",1,1500000,4698151,1983-10-27
1983,Peace,Lech Wałęsa,,for non-violent struggle for free trade unions and human rights in Poland,1,1500000,4698151,1983-10-05
1983,Physics,Subrahmanyan Chandrasekhar,,for his theoretical studies of the physical processes of importance to the structure and evolution of the stars,1/2,1500000,4698151,1983-10-19
1983,Physics,William A. Fowler,,for his theoretical and experimental studies of the nuclear reactions of importance in the formation of the chemical elements in the universe,1/2,1500000,4698151,1983-10-19
1983,Physiology or Medicine,Barbara McClintock,,for her discovery of mobile genetic elements,1,1500000,4698151,1983-10-10
1984,Chemistry,Bruce Merrifield,,for his development of methodology for chemical synthesis on a solid matrix,1,1650000,4782579,1984-10-17
1984,Economic Sciences,Richard Stone,,for having made fundamental contributions to the development of systems of national accounts and hence greatly improved the basis for empirical economic analysis,1,1650000,4782579,1984-10-18
1984,Literature,Jaroslav Seifert,,"for his poetry which endowed with freshness, sensuality and rich inventiveness provides a liberating image of the indomitable spirit and versatility of man",1,1650000,4782579,1984-11-27
1984,Peace,Desmond Tutu,,for his role as a unifying leader figure in the non-violent campaign to resolve the problem of apartheid in South Africa,1,1650000,4782579,1984-10-05
1984,Physics,Carlo Rubbia,,"for their decisive contributions to the large project, which led to the discovery of the field particles W and Z, communicators of weak interaction",1/2,1650000,4782579,1984-10-17
1984,Physics,Simon van der Meer,,"for their decisive contributions to the large project, which led to the discovery of the field particles W and Z, communicators of weak interaction",1/2,1650000,4782579,1984-10-17
1984,Physiology or Medicine,Niels K. Jerne,,for theories concerning the specificity in development and control of the immune system and the discovery of the principle for production of monoclonal antibodies,1/3,1650000,4782579,1984-10-15
1984,Physiology or Medicine,Georges J.F. Köhler,,for theories concerning the specificity in development and control of the immune system and the discovery of the principle for production of monoclonal antibodies,1/3,1650000,4782579,1984-10-15
1984,Physiology or Medicine,César Milstein,,for theories concerning the specificity in development and control of the immune system and the discovery of the principle for production of monoclonal antibodies,1/3,1650000,4782579,1984-10-15
1985,Chemistry,Herbert A. Hauptman,,for their outstanding achievements in the development of direct methods for the determination of crystal structures,1/2,1800000,4860820,1985-10-16
1985,Chemistry,Jerome Karle,,for their outstanding achievements in the development of direct methods for the determination of crystal structures,1/2,1800000,4860820,1985-10-16
1985,Economic Sciences,Franco Modigliani,,for his pioneering analyses of saving and of financial markets,1,1800000,4860820,1985-10-15
1985,Literature,Claude Simon,,who in his novel combines the poet's and the painter's creativeness with a deepened awareness of time in the depiction of the human condition,1,1800000,4860820,1985-11-27
1985,Peace,,,for spreading authoritative information and by creating awareness of the catastrophic consequences of nuclear war,1,1800000,4860820,1985-10-05
1985,Physics,Klaus von Klitzing,,for the discovery of the quantized Hall effect,1,1800000,4860820,1985-10-16
1985,Physiology or Medicine,Michael S. Brown,,for their discoveries concerning the regulation of cholesterol metabolism,1/2,1800000,4860820,1985-10-14
1985,Physiology or Medicine,Joseph L. Goldstein,,for their discoveries concerning the regulation of cholesterol metabolism,1/2,1800000,4860820,1985-10-14
1986,Chemistry,Dudley R. Herschbach,,for their contributions concerning the dynamics of chemical elementary processes,1/3,2000000,5182514,1986-10-15
1986,Chemistry,Yuan T. Lee,,for their contributions concerning the dynamics of chemical elementary processes,1/3,2000000,5182514,1986-10-15
1986,Chemistry,John C. Polanyi,,for their contributions concerning the dynamics of chemical elementary processes,1/3,2000000,5182514,1986-10-15
1986,Economic Sciences,James M. Buchanan Jr.,,for his development of the contractual and constitutional bases for the theory of economic and political decision-making,1,2000000,5182514,1986-10-16
1986,Literature,Wole Soyinka,,who in a wide cultural perspective and with poetic overtones fashions the drama of existence,1,2000000,5182514,1986-10-16
1986,Peace,Elie Wiesel,,"for being a messenger to mankind: his message is one of peace, atonement and dignity",1,2000000,5182514,1986-10-14
1986,Physics,Ernst Ruska,,"for his fundamental work in electron optics, and for the design of the first electron microscope",1/2,2000000,5182514,1986-10-15
1986,Physics,Gerd Binnig,,for their design of the scanning tunneling microscope,1/4,2000000,5182514,1986-10-15
1986,Physics,Heinrich Rohrer,,for their design of the scanning tunneling microscope,1/4,2000000,5182514,1986-10-15
1986,Physiology or Medicine,Stanley Cohen,,for their discoveries of growth factors,1/2,2000000,5182514,1986-10-13
1986,Physiology or Medicine,Rita Levi-Montalcini,,for their discoveries of growth factors,1/2,2000000,5182514,1986-10-13
1987,Chemistry,Donald J. Cram,,for their development and use of molecules with structure-specific interactions of high selectivity,1/3,2175000,5405582,1987-10-14
1987,Chemistry,Jean-Marie Lehn,,for their development and use of molecules with structure-specific interactions of high selectivity,1/3,2175000,5405582,1987-10-14
1987,Chemistry,Charles J. Pedersen,,for their development and use of molecules with structure-specific interactions of high selectivity,1/3,2175000,5405582,1987-10-14
1987,Economic Sciences,Robert M. Solow,,for his contributions to the theory of economic growth,1,2175000,5405582,1987-10-21
1987,Literature,Joseph Brodsky,,"for an all-embracing authorship, imbued with clarity of thought and poetic intensity",1,2175000,5405582,1987-10-22
1987,Peace,Oscar Arias Sánchez,,for his work for lasting peace in Central America,1,2175000,5405582,1987-10-13
1987,Physics,J. Georg Bednorz,,for their important break-through in the discovery of superconductivity in ceramic materials,1/2,2175000,5405582,1987-10-14
1987,Physics,K. Alex Müller,,for their important break-through in the discovery of superconductivity in ceramic materials,1/2,2175000,5405582,1987-10-14
1987,Physiology or Medicine,Susumu Tonegawa,,for his discovery of the genetic principle for generation of antibody diversity,1,2175000,5405582,1987-10-12
1988,Chemistry,Johann Deisenhofer,,for the determination of the three-dimensional structure of a photosynthetic reaction centre,1/3,2500000,5874628,1988-10-19
1988,Chemistry,Robert Huber,,for the determination of the three-dimensional structure of a photosynthetic reaction centre,1/3,2500000,5874628,1988-10-19
1988,Chemistry,Hartmut Michel,,for the determination of the three-dimensional structure of a photosynthetic reaction centre,1/3,2500000,5874628,1988-10-19
1988,Economic Sciences,Maurice Allais,,for his pioneering contributions to the theory of markets and efficient utilization of resources,1,2500000,5874628,1988-10-18
1988,Literature,Naguib Mahfouz,,"who, through works rich in nuance - now clear-sightedly realistic, now evocatively ambiguous - has formed an Arabian narrative art that applies to all mankind",1,2500000,5874628,1988-10-13
1988,Peace,,,for preventing armed clashes and creating conditions for negotiations,1,2500000,5874628,1988-09-29
1988,Physics,Leon M. Lederman,,for the neutrino beam method and the demonstration of the doublet structure of the leptons through the discovery of the muon neutrino,1/3,2500000,5874628,1988-10-19
1988,Physics,Melvin Schwartz,,for the neutrino beam method and the demonstration of the doublet structure of the leptons through the discovery of the muon neutrino,1/3,2500000,5874628,1988-10-19
1988,Physics,Jack Steinberger,,for the neutrino beam method and the demonstration of the doublet structure of the leptons through the discovery of the muon neutrino,1/3,2500000,5874628,1988-10-19
1988,Physiology or Medicine,Sir James W. Black,,for their discoveries of important principles for drug treatment,1/3,2500000,5874628,1988-10-17
1988,Physiology or Medicine,Gertrude B. Elion,,for their discoveries of important principles for drug treatment,1/3,2500000,5874628,1988-10-17
1988,Physiology or Medicine,George H. Hitchings,,for their discoveries of important principles for drug treatment,1/3,2500000,5874628,1988-10-17
1989,Chemistry,Sidney Altman,,for their discovery of catalytic properties of RNA,1/2,3000000,6629077,1989-10-12
1989,Chemistry,Thomas R. Cech,,for their discovery of catalytic properties of RNA,1/2,3000000,6629077,1989-10-12
1989,Economic Sciences,Trygve Haavelmo,,for his clarification of the probability theory foundations of econometrics and his analyses of simultaneous economic structures,1,3000000,6629077,1989-10-11
1989,Literature,Camilo José Cela,,"for a rich and intensive prose, which with restrained compassion forms a challenging vision of man's vulnerability",1,3000000,6629077,1989-10-09
1989,Peace,The 14th Dalai Lama,,for advocating peaceful solutions based upon tolerance and mutual respect in order to preserve the historical and cultural heritage of his people,1,3000000,6629077,1989-10-05
1989,Physics,Norman F. Ramsey,,for the invention of the separated oscillatory fields method and its use in the hydrogen maser and other atomic clocks,1/2,3000000,6629077,1989-10-12
1989,Physics,Hans G. Dehmelt,,for the development of the ion trap technique,1/4,3000000,6629077,1989-10-12
1989,Physics,Wolfgang Paul,,for the development of the ion trap technique,1/4,3000000,6629077,1989-10-12
1989,Physiology or Medicine,J. Michael Bishop,,for their discovery of the cellular origin of retroviral oncogenes,1/2,3000000,6629077,1989-10-09
1989,Physiology or Medicine,Harold E. Varmus,,for their discovery of the cellular origin of retroviral oncogenes,1/2,3000000,6629077,1989-10-09
1990,Chemistry,Elias James Corey,,for his development of the theory and methodology of organic synthesis,1,4000000,8003376,1990-10-17
1990,Economic Sciences,Harry M. Markowitz,,for their pioneering work in the theory of financial economics,1/3,4000000,8003376,1990-10-16
1990,Economic Sciences,Merton H. Miller,,for their pioneering work in the theory of financial economics,1/3,4000000,8003376,1990-10-16
1990,Economic Sciences,William F. Sharpe,,for their pioneering work in the theory of financial economics,1/3,4000000,8003376,1990-10-16
1990,Literature,Octavio Paz,,"for impassioned writing with wide horizons, characterized by sensuous intelligence and humanistic integrity",1,4000000,8003376,1990-10-11
1990,Peace,Mikhail Gorbachev,,for the leading role he played in the radical changes in East-West relations,1,4000000,8003376,1990-10-15
1990,Physics,Jerome I. Friedman,,"for their pioneering investigations concerning deep inelastic scattering of electrons on protons and bound neutrons, which have been of essential importance for the development of the quark model in particle physics",1/3,4000000,8003376,1990-10-17
1990,Physics,Henry W. Kendall,,"for their pioneering investigations concerning deep inelastic scattering of electrons on protons and bound neutrons, which have been of essential importance for the development of the quark model in particle physics",1/3,4000000,8003376,1990-10-17
1990,Physics,Richard E. Taylor,,"for their pioneering investigations concerning deep inelastic scattering of electrons on protons and bound neutrons, which have been of essential importance for the development of the quark model in particle physics",1/3,4000000,8003376,1990-10-17
1990,Physiology or Medicine,Joseph E. Murray,,for their discoveries concerning organ and cell transplantation in the treatment of human disease,1/2,4000000,8003376,1990-10-08
1990,Physiology or Medicine,E. Donnall Thomas,,for their discoveries concerning organ and cell transplantation in the treatment of human disease,1/2,4000000,8003376,1990-10-08
1991,Chemistry,Richard R. Ernst,,for his contributions to the development of the methodology of high resolution nuclear magnetic resonance (NMR) spectroscopy,1,6000000,10968389,1991-10-16
1991,Economic Sciences,Ronald H. Coase,,for his discovery and clarification of the significance of transaction costs and property rights for the institutional structure and functioning of the economy,1,6000000,10968389,1991-10-15
1991,Literature,Nadine Gordimer,,who through her magnificent epic writing has - in the words of Alfred Nobel - been of very great benefit to humanity,1,6000000,10968389,1991-10-03
1991,Peace,Aung San Suu Kyi,,for her non-violent struggle for democracy and human rights,1,6000000,10968389,1991-10-14
1991,Physics,Pierre-Gilles de Gennes,,"for discovering that methods developed for studying order phenomena in simple systems can be generalized to more complex forms of matter, in particular to liquid crystals and polymers",1,6000000,10968389,1991-10-16
1991,Physiology or Medicine,Erwin Neher,,for their discoveries concerning the function of single ion channels in cells,1/2,6000000,10968389,1991-10-07
1991,Physiology or Medicine,Bert Sakmann,,for their discoveries concerning the function of single ion channels in cells,1/2,6000000,10968389,1991-10-07
1992,Chemistry,Rudolph A. Marcus,,for his contributions to the theory of electron transfer reactions in chemical systems,1,6500000,11613791,1992-10-14
1992,Economic Sciences,Gary Becker,,"for having extended the domain of microeconomic analysis to a wide range of human behaviour and interaction, including nonmarket behaviour",1,6500000,11613791,1992-10-13
1992,Literature,Derek Walcott,,"for a poetic oeuvre of great luminosity, sustained by a historical vision, the outcome of a multicultural commitment",1,6500000,11613791,1992-10-08
1992,Peace,Rigoberta Menchú Tum,,for her struggle for social justice and ethno-cultural reconciliation based on respect for the rights of indigenous peoples,1,6500000,11613791,1992-10-16
1992,Physics,Georges Charpak,,"for his invention and development of particle detectors, in particular the multiwire proportional chamber",1,6500000,11613791,1992-10-14
1992,Physiology or Medicine,Edmond H. Fischer,,for their discoveries concerning reversible protein phosphorylation as a biological regulatory mechanism,1/2,6500000,11613791,1992-10-12
1992,Physiology or Medicine,Edwin G. Krebs,,for their discoveries concerning reversible protein phosphorylation as a biological regulatory mechanism,1/2,6500000,11613791,1992-10-12
1993,Chemistry,Kary B. Mullis,,for his invention of the polymerase chain reaction (PCR) method,1/2,6700000,11436789,1993-10-13
1993,Chemistry,Michael Smith,,"for his fundamental contributions to the establishment of oligonucleotide-based, site-directed mutagenesis and its development for protein studies",1/2,6700000,11436789,1993-10-13
1993,Economic Sciences,Robert W. Fogel,,for having renewed research in economic history by applying economic theory and quantitative methods in order to explain economic and institutional change,1/2,6700000,11436789,1993-10-12
1993,Economic Sciences,Douglass C. North,,for having renewed research in economic history by applying economic theory and quantitative methods in order to explain economic and institutional change,1/2,6700000,11436789,1993-10-12
1993,Literature,Toni Morrison,,"who in novels characterized by visionary force and poetic import, gives life to an essential aspect of American reality",1,6700000,11436789,1993-10-07
1993,Peace,Nelson Mandela,,"for their work for the peaceful termination of the apartheid regime, and for laying the foundations for a new democratic South Africa",1/2,6700000,11436789,1993-10-15
1993,Peace,F.W. de Klerk,,"for their work for the peaceful termination of the apartheid regime, and for laying the foundations for a new democratic South Africa",1/2,6700000,11436789,1993-10-15
1993,Physics,Russell A. Hulse,,"for the discovery of a new type of pulsar, a discovery that has opened up new possibilities for the study of gravitation",1/2,6700000,11436789,1993-10-13
1993,Physics,Joseph H. Taylor Jr.,,"for the discovery of a new type of pulsar, a discovery that has opened up new possibilities for the study of gravitation",1/2,6700000,11436789,1993-10-13
1993,Physiology or Medicine,Richard J. Roberts,,for their discoveries of split genes,1/2,6700000,11436789,1993-10-11
1993,Physiology or Medicine,Phillip A. Sharp,,for their discoveries of split genes,1/2,6700000,11436789,1993-10-11
1994,Chemistry,George A. Olah,,for his contribution to carbocation chemistry,1,7000000,11696265,1994-10-12
1994,Economic Sciences,John C. Harsanyi,,for their pioneering analysis of equilibria in the theory of non-cooperative games,1/3,7000000,11696265,1994-10-11
1994,Economic Sciences,John F. Nash Jr.,,for their pioneering analysis of equilibria in the theory of non-cooperative games,1/3,7000000,11696265,1994-10-11
1994,Economic Sciences,Reinhard Selten,,for their pioneering analysis of equilibria in the theory of non-cooperative games,1/3,7000000,11696265,1994-10-11
1994,Literature,Kenzaburo Oe,,"who with poetic force creates an imagined world, where life and myth condense to form a disconcerting picture of the human predicament today",1,7000000,11696265,1994-10-13
1994,Peace,Yasser Arafat,,for their efforts to create peace in the Middle East,1/3,7000000,11696265,1994-10-14
1994,Peace,Shimon Peres,,for their efforts to create peace in the Middle East,1/3,7000000,11696265,1994-10-14
1994,Peace,Yitzhak Rabin,,for their efforts to create peace in the Middle East,1/3,7000000,11696265,1994-10-14
1994,Physics,Bertram N. Brockhouse,,for the development of neutron spectroscopy,1/2,7000000,11696265,1994-10-12
1994,Physics,Clifford G. Shull,,for the development of the neutron diffraction technique,1/2,7000000,11696265,1994-10-12
1994,Physiology or Medicine,Alfred G. Gilman,,for their discovery of G-proteins and the role of these proteins in signal transduction in cells,1/2,7000000,11696265,1994-10-10
1994,Physiology or Medicine,Martin Rodbell,,for their discovery of G-proteins and the role of these proteins in signal transduction in cells,1/2,7000000,11696265,1994-10-10
1995,Chemistry,Paul J. Crutzen,,"for their work in atmospheric chemistry, particularly concerning the formation and decomposition of ozone",1/3,7200000,11732784,1995-10-11
1995,Chemistry,Mario J. Molina,,"for their work in atmospheric chemistry, particularly concerning the formation and decomposition of ozone",1/3,7200000,11732784,1995-10-11
1995,Chemistry,F. Sherwood Rowland,,"for their work in atmospheric chemistry, particularly concerning the formation and decomposition of ozone",1/3,7200000,11732784,1995-10-11
1995,Economic Sciences,Robert E. Lucas Jr.,,"for having developed and applied the hypothesis of rational expectations, and thereby having transformed macroeconomic analysis and deepened our understanding of economic policy",1,7200000,11732784,1995-10-10
1995,Literature,Seamus Heaney,,"for works of lyrical beauty and ethical depth, which exalt everyday miracles and the living past",1,7200000,11732784,1995-10-05
1995,Peace,Joseph Rotblat,,"for their efforts to diminish the part played by nuclear arms in international politics and, in the longer run, to eliminate such arms",1/2,7200000,11732784,1995-10-13
1995,Peace,,,"for their efforts to diminish the part played by nuclear arms in international politics and, in the longer run, to eliminate such arms",1/2,7200000,11732784,1995-10-13
1995,Physics,Martin L. Perl,,for the discovery of the tau lepton,1/2,7200000,11732784,1995-10-11
1995,Physics,Frederick Reines,,for the detection of the neutrino,1/2,7200000,11732784,1995-10-11
1995,Physiology or Medicine,Edward B. Lewis,,for their discoveries concerning the genetic control of early embryonic development,1/3,7200000,11732784,1995-10-09
1995,Physiology or Medicine,Christiane Nüsslein-Volhard,,for their discoveries concerning the genetic control of early embryonic development,1/3,7200000,11732784,1995-10-09
1995,Physiology or Medicine,Eric F. Wieschaus,,for their discoveries concerning the genetic control of early embryonic development,1/3,7200000,11732784,1995-10-09
1996,Chemistry,Robert F. Curl Jr.,,for their discovery of fullerenes,1/3,7400000,12000958,1996-10-09
1996,Chemistry,Sir Harold Kroto,,for their discovery of fullerenes,1/3,7400000,12000958,1996-10-09
1996,Chemistry,Richard E. Smalley,,for their discovery of fullerenes,1/3,7400000,12000958,1996-10-09
1996,Economic Sciences,James A. Mirrlees,,for their fundamental contributions to the economic theory of incentives under asymmetric information,1/2,7400000,12000958,1996-10-08
1996,Economic Sciences,William Vickrey,,for their fundamental contributions to the economic theory of incentives under asymmetric information,1/2,7400000,12000958,1996-10-08
1996,Literature,Wisława Szymborska,,for poetry that with ironic precision allows the historical and biological context to come to light in fragments of human reality,1,7400000,12000958,1996-10-03
1996,Peace,Carlos Filipe Ximenes Belo,,for their work towards a just and peaceful solution to the conflict in East Timor,1/2,7400000,12000958,1996-10-11
1996,Peace,José Ramos-Horta,,for their work towards a just and peaceful solution to the conflict in East Timor,1/2,7400000,12000958,1996-10-11
1996,Physics,David M. Lee,,for their discovery of superfluidity in helium-3,1/3,7400000,12000958,1996-10-09
1996,Physics,Douglas D. Osheroff,,for their discovery of superfluidity in helium-3,1/3,7400000,12000958,1996-10-09
1996,Physics,Robert C. Richardson,,for their discovery of superfluidity in helium-3,1/3,7400000,12000958,1996-10-09
1996,Physiology or Medicine,Peter C. Doherty,,for their discoveries concerning the specificity of the cell mediated immune defence,1/2,7400000,12000958,1996-10-07
1996,Physiology or Medicine,Rolf M. Zinkernagel,,for their discoveries concerning the specificity of the cell mediated immune defence,1/2,7400000,12000958,1996-10-07
1997,Chemistry,Paul D. Boyer,,for their elucidation of the enzymatic mechanism underlying the synthesis of adenosine triphosphate (ATP),1/4,7500000,12105174,1997-10-15
1997,Chemistry,John E. Walker,,for their elucidation of the enzymatic mechanism underlying the synthesis of adenosine triphosphate (ATP),1/4,7500000,12105174,1997-10-15
1997,Chemistry,Jens C. Skou,,"for the first discovery of an ion-transporting enzyme, Na+, K+ -ATPase",1/2,7500000,12105174,1997-10-15
1997,Economic Sciences,Robert C. Merton,,for a new method to determine the value of derivatives,1/2,7500000,12105174,1997-10-14
1997,Economic Sciences,Myron Scholes,,for a new method to determine the value of derivatives,1/2,7500000,12105174,1997-10-14
1997,Literature,Dario Fo,,who emulates the jesters of the Middle Ages in scourging authority and upholding the dignity of the downtrodden,1,7500000,12105174,1997-10-09
1997,Peace,,,for their work for the banning and clearing of anti-personnel mines,1/2,7500000,12105174,1997-10-10
1997,Peace,Jody Williams,,for their work for the banning and clearing of anti-personnel mines,1/2,7500000,12105174,1997-10-10
1997,Physics,Steven Chu,,for development of methods to cool and trap atoms with laser light,1/3,7500000,12105174,1997-10-15
1997,Physics,Claude Cohen-Tannoudji,,for development of methods to cool and trap atoms with laser light,1/3,7500000,12105174,1997-10-15
1997,Physics,William D. Phillips,,for development of methods to cool and trap atoms with laser light,1/3,7500000,12105174,1997-10-15
1997,Physiology or Medicine,Stanley B. Prusiner,,for his discovery of Prions - a new biological principle of infection,1,7500000,12105174,1997-10-06
1998,Chemistry,Walter Kohn,,for his development of the density-functional theory,1/2,7600000,12283299,1998-10-13
1998,Chemistry,John Pople,,for his development of computational methods in quantum chemistry,1/2,7600000,12283299,1998-10-13
1998,Economic Sciences,Amartya Sen,,for his contributions to welfare economics,1,7600000,12283299,1998-10-14
1998,Literature,José Saramago,,"who with parables sustained by imagination, compassion and irony continually enables us once again to apprehend an elusory reality",1,7600000,12283299,1998-10-08
1998,Peace,John Hume,,for their efforts to find a peaceful solution to the conflict in Northern Ireland,1/2,7600000,12283299,1998-10-16
1998,Peace,David Trimble,,for their efforts to find a peaceful solution to the conflict in Northern Ireland,1/2,7600000,12283299,1998-10-16
1998,Physics,Robert B. Laughlin,,for their discovery of a new form of quantum fluid with fractionally charged excitations,1/3,7600000,12283299,1998-10-13
1998,Physics,Horst L. Störmer,,for their discovery of a new form of quantum fluid with fractionally charged excitations,1/3,7600000,12283299,1998-10-13
1998,Physics,Daniel C. Tsui,,for their discovery of a new form of quantum fluid with fractionally charged excitations,1/3,7600000,12283299,1998-10-13
1998,Physiology or Medicine,Robert F. Furchgott,,for their discoveries concerning nitric oxide as a signalling molecule in the cardiovascular system,1/3,7600000,12283299,1998-10-12
1998,Physiology or Medicine,Louis J. Ignarro,,for their discoveries concerning nitric oxide as a signalling molecule in the cardiovascular system,1/3,7600000,12283299,1998-10-12
1998,Physiology or Medicine,Ferid Murad,,for their discoveries concerning nitric oxide as a signalling molecule in the cardiovascular system,1/3,7600000,12283299,1998-10-12
1999,Chemistry,Ahmed Zewail,,for his studies of the transition states of chemical reactions using femtosecond spectroscopy,1,7900000,12707531,1999-10-12
1999,Economic Sciences,Robert Mundell,,for his analysis of monetary and fiscal policy under different exchange rate regimes and his analysis of optimum currency areas,1,7900000,12707531,1999-10-13
1999,Literature,Günter Grass,,whose frolicsome black fables portray the forgotten face of history,1,7900000,12707531,1999-09-30
1999,Peace,,,in recognition of the organisation's pioneering humanitarian work on several continents,1,7900000,12707531,1999-10-15
1999,Physics,Gerardus 't Hooft,,for elucidating the quantum structure of electroweak interactions in physics,1/2,7900000,12707531,1999-10-12
1999,Physics,Martinus J.G. Veltman,,for elucidating the quantum structure of electroweak interactions in physics,1/2,7900000,12707531,1999-10-12
1999,Physiology or Medicine,Günter Blobel,,for the discovery that proteins have intrinsic signals that govern their transport and localization in the cell,1,7900000,12707531,1999-10-11
2000,Chemistry,Alan Heeger,,for the discovery and development of conductive polymers,1/3,9000000,14331095,2000-10-10
2000,Chemistry,Alan MacDiarmid,,for the discovery and development of conductive polymers,1/3,9000000,14331095,2000-10-10
2000,Chemistry,Hideki Shirakawa,,for the discovery and development of conductive polymers,1/3,9000000,14331095,2000-10-10
2000,Economic Sciences,James J. Heckman,,for his development of theory and methods for analyzing selective samples,1/2,9000000,14331095,2000-10-11
2000,Economic Sciences,Daniel L. McFadden,,for his development of theory and methods for analyzing discrete choice,1/2,9000000,14331095,2000-10-11
2000,Literature,Gao Xingjian,,"for an œuvre of universal validity, bitter insights and linguistic ingenuity, which has opened new paths for the Chinese novel and drama",1,9000000,14331095,2000-10-12
2000,Peace,Kim Dae-jung,,"for his work for democracy and human rights in South Korea and in East Asia in general, and for peace and reconciliation with North Korea in particular",1,9000000,14331095,2000-10-13
2000,Physics,Zhores Alferov,,for developing semiconductor heterostructures used in high-speed- and opto-electronics,1/4,9000000,14331095,2000-10-10
2000,Physics,Herbert Kroemer,,for developing semiconductor heterostructures used in high-speed- and opto-electronics,1/4,9000000,14331095,2000-10-10
2000,Physics,Jack Kilby,,for his part in the invention of the integrated circuit,1/2,9000000,14331095,2000-10-10
2000,Physiology or Medicine,Arvid Carlsson,,for their discoveries concerning signal transduction in the nervous system,1/3,9000000,14331095,2000-10-09
2000,Physiology or Medicine,Paul Greengard,,for their discoveries concerning signal transduction in the nervous system,1/3,9000000,14331095,2000-10-09
2000,Physiology or Medicine,Eric Kandel,,for their discoveries concerning signal transduction in the nervous system,1/3,9000000,14331095,2000-10-09
2001,Chemistry,William Knowles,,for their work on chirally catalysed hydrogenation reactions,1/4,10000000,15547541,2001-10-10
2001,Chemistry,Ryoji Noyori,,for their work on chirally catalysed hydrogenation reactions,1/4,10000000,15547541,2001-10-10
2001,Chemistry,K. Barry Sharpless,,for his work on chirally catalysed oxidation reactions,1/2,10000000,15547541,2001-10-10
2001,Economic Sciences,George A. Akerlof,,for their analyses of markets with asymmetric information,1/3,10000000,15547541,2001-10-10
2001,Economic Sciences,A. Michael Spence,,for their analyses of markets with asymmetric information,1/3,10000000,15547541,2001-10-10
2001,Economic Sciences,Joseph E. Stiglitz,,for their analyses of markets with asymmetric information,1/3,10000000,15547541,2001-10-10
2001,Literature,V. S. Naipaul,,for having united perceptive narrative and incorruptible scrutiny in works that compel us to see the presence of suppressed histories,1,10000000,15547541,2001-10-11
2001,Peace,,,for their work for a better organized and more peaceful world,1/2,10000000,15547541,2001-10-12
2001,Peace,Kofi Annan,,for their work for a better organized and more peaceful world,1/2,10000000,15547541,2001-10-12
2001,Physics,Eric Cornell,,"for the achievement of Bose-Einstein condensation in dilute gases of alkali atoms, and for early fundamental studies of the properties of the condensates",1/3,10000000,15547541,2001-10-09
2001,Physics,Wolfgang Ketterle,,"for the achievement of Bose-Einstein condensation in dilute gases of alkali atoms, and for early fundamental studies of the properties of the condensates",1/3,10000000,15547541,2001-10-09
2001,Physics,Carl Wieman,,"for the achievement of Bose-Einstein condensation in dilute gases of alkali atoms, and for early fundamental studies of the properties of the condensates",1/3,10000000,15547541,2001-10-09
2001,Physiology or Medicine,Leland Hartwell,,for their discoveries of key regulators of the cell cycle,1/3,10000000,15547541,2001-10-08
2001,Physiology or Medicine,Tim Hunt,,for their discoveries of key regulators of the cell cycle,1/3,10000000,15547541,2001-10-08
2001,Physiology or Medicine,Sir Paul Nurse,,for their discoveries of key regulators of the cell cycle,1/3,10000000,15547541,2001-10-08
2002,Chemistry,John B. Fenn,,for their development of soft desorption ionisation methods for mass spectrometric analyses of biological macromolecules,1/4,10000000,15218228,2002-10-09
2002,Chemistry,Koichi Tanaka,,for their development of soft desorption ionisation methods for mass spectrometric analyses of biological macromolecules,1/4,10000000,15218228,2002-10-09
2002,Chemistry,Kurt Wüthrich,,for his development of nuclear magnetic resonance spectroscopy for determining the three-dimensional structure of biological macromolecules in solution,1/2,10000000,15218228,2002-10-09
2002,Economic Sciences,Daniel Kahneman,,"for having integrated insights from psychological research into economic science, especially concerning human judgment and decision-making under uncertainty",1/2,10000000,15218228,2002-10-09
2002,Economic Sciences,Vernon L. Smith,,"for having established laboratory experiments as a tool in empirical economic analysis, especially in the study of alternative market mechanisms",1/2,10000000,15218228,2002-10-09
2002,Literature,Imre Kertész,,for writing that upholds the fragile experience of the individual against the barbaric arbitrariness of history,1,10000000,15218228,2002-10-10
2002,Peace,Jimmy Carter,,"for his decades of untiring effort to find peaceful solutions to international conflicts, to advance democracy and human rights, and to promote economic and social development",1,10000000,15218228,2002-10-11
2002,Physics,Raymond Davis Jr.,,"for pioneering contributions to astrophysics, in particular for the detection of cosmic neutrinos",1/4,10000000,15218228,2002-10-08
2002,Physics,Masatoshi Koshiba,,"for pioneering contributions to astrophysics, in particular for the detection of cosmic neutrinos",1/4,10000000,15218228,2002-10-08
2002,Physics,Riccardo Giacconi,,"for pioneering contributions to astrophysics, which have led to the discovery of cosmic X-ray sources",1/2,10000000,15218228,2002-10-08
2002,Physiology or Medicine,Sydney Brenner,,for their discoveries concerning genetic regulation of organ development and programmed cell death,1/3,10000000,15218228,2002-10-07
2002,Physiology or Medicine,H. Robert Horvitz,,for their discoveries concerning genetic regulation of organ development and programmed cell death,1/3,10000000,15218228,2002-10-07
2002,Physiology or Medicine,John E. Sulston,,for their discoveries concerning genetic regulation of organ development and programmed cell death,1/3,10000000,15218228,2002-10-07
2003,Chemistry,Peter Agre,,for the discovery of water channels,1/2,10000000,14930730,2003-10-08
2003,Chemistry,Roderick MacKinnon,,for structural and mechanistic studies of ion channels,1/2,10000000,14930730,2003-10-08
2003,Economic Sciences,Robert F. Engle III,,for methods of analyzing economic time series with time-varying volatility (ARCH),1/2,10000000,14930730,2003-10-08
2003,Economic Sciences,Clive W.J. Granger,,for methods of analyzing economic time series with common trends (cointegration),1/2,10000000,14930730,2003-10-08
2003,Literature,J. M. Coetzee,,who in innumerable guises portrays the surprising involvement of the outsider,1,10000000,14930730,2003-10-02
2003,Peace,Shirin Ebadi,,for her efforts for democracy and human rights. She has focused especially on the struggle for the rights of women and children,1,10000000,14930730,2003-10-10
2003,Physics,Alexei Abrikosov,,for pioneering contributions to the theory of superconductors and superfluids,1/3,10000000,14930730,2003-10-07
2003,Physics,Vitaly L. Ginzburg,,for pioneering contributions to the theory of superconductors and superfluids,1/3,10000000,14930730,2003-10-07
2003,Physics,Anthony J. Leggett,,for pioneering contributions to the theory of superconductors and superfluids,1/3,10000000,14930730,2003-10-07
2003,Physiology or Medicine,Paul C. Lauterbur,,for their discoveries concerning magnetic resonance imaging,1/2,10000000,14930730,2003-10-06
2003,Physiology or Medicine,Sir Peter Mansfield,,for their discoveries concerning magnetic resonance imaging,1/2,10000000,14930730,2003-10-06
2004,Chemistry,Aaron Ciechanover,,for the discovery of ubiquitin-mediated protein degradation,1/3,10000000,14874529,2004-10-06
2004,Chemistry,Avram Hershko,,for the discovery of ubiquitin-mediated protein degradation,1/3,10000000,14874529,2004-10-06
2004,Chemistry,Irwin Rose,,for the discovery of ubiquitin-mediated protein degradation,1/3,10000000,14874529,2004-10-06
2004,Economic Sciences,Finn E. Kydland,,for their contributions to dynamic macroeconomics: the time consistency of economic policy and the driving forces behind business cycles,1/2,10000000,14874529,2004-10-11
2004,Economic Sciences,Edward C. Prescott,,for their contributions to dynamic macroeconomics: the time consistency of economic policy and the driving forces behind business cycles,1/2,10000000,14874529,2004-10-11
2004,Literature,Elfriede Jelinek,,for her musical flow of voices and counter-voices in novels and plays that with extraordinary linguistic zeal reveal the absurdity of society's clich&eacute;s and their subjugating power,1,10000000,14874529,2004-10-07
2004,Peace,Wangari Maathai,,"for her contribution to sustainable development, democracy and peace",1,10000000,14874529,2004-10-08
2004,Physics,David J. Gross,,for the discovery of asymptotic freedom in the theory of the strong interaction,1/3,10000000,14874529,2004-10-05
2004,Physics,H. David Politzer,,for the discovery of asymptotic freedom in the theory of the strong interaction,1/3,10000000,14874529,2004-10-05
2004,Physics,Frank Wilczek,,for the discovery of asymptotic freedom in the theory of the strong interaction,1/3,10000000,14874529,2004-10-05
2004,Physiology or Medicine,Richard Axel,,for their discoveries of odorant receptors and the organization of the olfactory system,1/2,10000000,14874529,2004-10-04
2004,Physiology or Medicine,Linda B. Buck,,for their discoveries of odorant receptors and the organization of the olfactory system,1/2,10000000,14874529,2004-10-04
2005,Chemistry,Yves Chauvin,,for the development of the metathesis method in organic synthesis,1/3,10000000,14809494,2005-10-05
2005,Chemistry,Robert H. Grubbs,,for the development of the metathesis method in organic synthesis,1/3,10000000,14809494,2005-10-05
2005,Chemistry,Richard R. Schrock,,for the development of the metathesis method in organic synthesis,1/3,10000000,14809494,2005-10-05
2005,Economic Sciences,Robert J. Aumann,,for having enhanced our understanding of conflict and cooperation through game-theory analysis,1/2,10000000,14809494,2005-10-10
2005,Economic Sciences,Thomas C. Schelling,,for having enhanced our understanding of conflict and cooperation through game-theory analysis,1/2,10000000,14809494,2005-10-10
2005,Literature,Harold Pinter,,who in his plays uncovers the precipice under everyday prattle and forces entry into oppression's closed rooms,1,10000000,14809494,2005-10-13
2005,Peace,,,for their efforts to prevent nuclear energy from being used for military purposes and to ensure that nuclear energy for peaceful purposes is used in the safest possible way,1/2,10000000,14809494,2005-10-07
2005,Peace,Mohamed ElBaradei,,for their efforts to prevent nuclear energy from being used for military purposes and to ensure that nuclear energy for peaceful purposes is used in the safest possible way,1/2,10000000,14809494,2005-10-07
2005,Physics,Roy J. Glauber,,for his contribution to the quantum theory of optical coherence,1/2,10000000,14809494,2005-10-04
2005,Physics,John L. Hall,,"for their contributions to the development of laser-based precision spectroscopy, including the optical frequency comb technique",1/4,10000000,14809494,2005-10-04
2005,Physics,Theodor W. Hänsch,,"for their contributions to the development of laser-based precision spectroscopy, including the optical frequency comb technique",1/4,10000000,14809494,2005-10-04
2005,Physiology or Medicine,Barry J. Marshall,,for their discovery of the bacterium <i>Helicobacter pylori</i> and its role in gastritis and peptic ulcer disease,1/2,10000000,14809494,2005-10-03
2005,Physiology or Medicine,J. Robin Warren,,for their discovery of the bacterium <i>Helicobacter pylori</i> and its role in gastritis and peptic ulcer disease,1/2,10000000,14809494,2005-10-03
2006,Chemistry,Roger D. Kornberg,,for his studies of the molecular basis of eukaryotic transcription,1,10000000,14608749,2006-10-04
2006,Economic Sciences,Edmund S. Phelps,,for his analysis of intertemporal tradeoffs in macroeconomic policy,1,10000000,14608749,2006-10-09
2006,Literature,Orhan Pamuk,,who in the quest for the melancholic soul of his native city has discovered new symbols for the clash and interlacing of cultures,1,10000000,14608749,2006-10-12
2006,Peace,Muhammad Yunus,,for their efforts to create economic and social development from below,1/2,10000000,14608749,2006-10-13
2006,Peace,,,for their efforts to create economic and social development from below,1/2,10000000,14608749,2006-10-13
2006,Physics,John C. Mather,,for their discovery of the blackbody form and anisotropy of the cosmic microwave background radiation,1/2,10000000,14608749,2006-10-03
2006,Physics,George F. Smoot,,for their discovery of the blackbody form and anisotropy of the cosmic microwave background radiation,1/2,10000000,14608749,2006-10-03
2006,Physiology or Medicine,Andrew Z. Fire,,for their discovery of RNA interference - gene silencing by double-stranded RNA,1/2,10000000,14608749,2006-10-02
2006,Physiology or Medicine,Craig C. Mello,,for their discovery of RNA interference - gene silencing by double-stranded RNA,1/2,10000000,14608749,2006-10-02
2007,Chemistry,Gerhard Ertl,,for his studies of chemical processes on solid surfaces,1,10000000,14291742,2007-10-10
2007,Economic Sciences,Leonid Hurwicz,,for having laid the foundations of mechanism design theory,1/3,10000000,14291742,2007-10-15
2007,Economic Sciences,Eric S. Maskin,,for having laid the foundations of mechanism design theory,1/3,10000000,14291742,2007-10-15
2007,Economic Sciences,Roger B. Myerson,,for having laid the foundations of mechanism design theory,1/3,10000000,14291742,2007-10-15
2007,Literature,Doris Lessing,,"that epicist of the female experience, who with scepticism, fire and visionary power has subjected a divided civilisation to scrutiny",1,10000000,14291742,2007-10-11
2007,Peace,,,"for their efforts to build up and disseminate greater knowledge about man-made climate change, and to lay the foundations for the measures that are needed to counteract such change",1/2,10000000,14291742,2007-10-12
2007,Peace,Al Gore,,"for their efforts to build up and disseminate greater knowledge about man-made climate change, and to lay the foundations for the measures that are needed to counteract such change",1/2,10000000,14291742,2007-10-12
2007,Physics,Albert Fert,,for the discovery of Giant Magnetoresistance,1/2,10000000,14291742,2007-10-09
2007,Physics,Peter Grünberg,,for the discovery of Giant Magnetoresistance,1/2,10000000,14291742,2007-10-09
2007,Physiology or Medicine,Mario R. Capecchi,,for their discoveries of principles for introducing specific gene modifications in mice by the use of embryonic stem cells,1/3,10000000,14291742,2007-10-08
2007,Physiology or Medicine,Sir Martin J. Evans,,for their discoveries of principles for introducing specific gene modifications in mice by the use of embryonic stem cells,1/3,10000000,14291742,2007-10-08
2007,Physiology or Medicine,Oliver Smithies,,for their discoveries of principles for introducing specific gene modifications in mice by the use of embryonic stem cells,1/3,10000000,14291742,2007-10-08
2008,Chemistry,Osamu Shimomura,,"for the discovery and development of the green fluorescent protein, GFP",1/3,10000000,13817016,2008-10-08
2008,Chemistry,Martin Chalfie,,"for the discovery and development of the green fluorescent protein, GFP",1/3,10000000,13817016,2008-10-08
2008,Chemistry,Roger Y. Tsien,,"for the discovery and development of the green fluorescent protein, GFP",1/3,10000000,13817016,2008-10-08
2008,Economic Sciences,Paul Krugman,,for his analysis of trade patterns and location of economic activity,1,10000000,13817016,2008-10-13
2008,Literature,Jean-Marie Gustave Le Clézio,,"author of new departures, poetic adventure and sensual ecstasy, explorer of a humanity beyond and below the reigning civilization",1,10000000,13817016,2008-10-09
2008,Peace,Martti Ahtisaari,,"for his important efforts, on several continents and over more than three decades, to resolve international conflicts",1,10000000,13817016,2008-10-10
2008,Physics,Yoichiro Nambu,,for the discovery of the mechanism of spontaneous broken symmetry in subatomic physics,1/2,10000000,13817016,2008-10-07
2008,Physics,Makoto Kobayashi,,for the discovery of the origin of the broken symmetry which predicts the existence of at least three families of quarks in nature,1/4,10000000,13817016,2008-10-07
2008,Physics,Toshihide Maskawa,,for the discovery of the origin of the broken symmetry which predicts the existence of at least three families of quarks in nature,1/4,10000000,13817016,2008-10-07
2008,Physiology or Medicine,Harald zur Hausen,,for his discovery of human papilloma viruses causing cervical cancer,1/2,10000000,13817016,2008-10-06
2008,Physiology or Medicine,Françoise Barré-Sinoussi,,for their discovery of human immunodeficiency virus,1/4,10000000,13817016,2008-10-06
2008,Physiology or Medicine,Luc Montagnier,,for their discovery of human immunodeficiency virus,1/4,10000000,13817016,2008-10-06
2009,Chemistry,Venkatraman Ramakrishnan,,for studies of the structure and function of the ribosome,1/3,10000000,13857393,2009-10-07
2009,Chemistry,Thomas A. Steitz,,for studies of the structure and function of the ribosome,1/3,10000000,13857393,2009-10-07
2009,Chemistry,Ada E. Yonath,,for studies of the structure and function of the ribosome,1/3,10000000,13857393,2009-10-07
2009,Economic Sciences,Elinor Ostrom,,"for her analysis of economic governance, especially the commons",1/2,10000000,13857393,2009-10-12
2009,Economic Sciences,Oliver E. Williamson,,"for his analysis of economic governance, especially the boundaries of the firm",1/2,10000000,13857393,2009-10-12
2009,Literature,Herta Müller,,"who, with the concentration of poetry and the frankness of prose, depicts the landscape of the dispossessed",1,10000000,13857393,2009-10-08
2009,Peace,Barack H. Obama,,for his extraordinary efforts to strengthen international diplomacy and cooperation between peoples,1,10000000,13857393,2009-10-09
2009,Physics,Charles K. Kao,,for groundbreaking achievements concerning the transmission of light in fibers for optical communication,1/2,10000000,13857393,2009-10-06
2009,Physics,Willard S. Boyle,,for the invention of an imaging semiconductor circuit - the CCD sensor,1/4,10000000,13857393,2009-10-06
2009,Physics,George E. Smith,,for the invention of an imaging semiconductor circuit - the CCD sensor,1/4,10000000,13857393,2009-10-06
2009,Physiology or Medicine,Elizabeth H. Blackburn,,for the discovery of how chromosomes are protected by telomeres and the enzyme telomerase,1/3,10000000,13857393,2009-10-05
2009,Physiology or Medicine,Carol W. Greider,,for the discovery of how chromosomes are protected by telomeres and the enzyme telomerase,1/3,10000000,13857393,2009-10-05
2009,Physiology or Medicine,Jack W. Szostak,,for the discovery of how chromosomes are protected by telomeres and the enzyme telomerase,1/3,10000000,13857393,2009-10-05
2010,Chemistry,Richard F. Heck,,for palladium-catalyzed cross couplings in organic synthesis,1/3,10000000,13681477,2010-10-06
2010,Chemistry,Ei-ichi Negishi,,for palladium-catalyzed cross couplings in organic synthesis,1/3,10000000,13681477,2010-10-06
2010,Chemistry,Akira Suzuki,,for palladium-catalyzed cross couplings in organic synthesis,1/3,10000000,13681477,2010-10-06
2010,Economic Sciences,Peter A. Diamond,,for their analysis of markets with search frictions,1/3,10000000,13681477,2010-10-11
2010,Economic Sciences,Dale T. Mortensen,,for their analysis of markets with search frictions,1/3,10000000,13681477,2010-10-11
2010,Economic Sciences,Christopher A. Pissarides,,for their analysis of markets with search frictions,1/3,10000000,13681477,2010-10-11
2010,Literature,Mario Vargas Llosa,,"for his cartography of structures of power and his trenchant images of the individual's resistance, revolt, and defeat",1,10000000,13681477,2010-10-07
2010,Peace,Liu Xiaobo,,for his long and non-violent struggle for fundamental human rights in China,1,10000000,13681477,2010-10-08
2010,Physics,Andre Geim,,for groundbreaking experiments regarding the two-dimensional material graphene,1/2,10000000,13681477,2010-10-05
2010,Physics,Konstantin Novoselov,,for groundbreaking experiments regarding the two-dimensional material graphene,1/2,10000000,13681477,2010-10-05
2010,Physiology or Medicine,Robert G. Edwards,,for the development of in vitro fertilization,1,10000000,13681477,2010-10-04
2011,Chemistry,Dan Shechtman,,for the discovery of quasicrystals,1,10000000,13335208,2011-10-05
2011,Economic Sciences,Thomas J. Sargent,,for their empirical research on cause and effect in the macroeconomy,1/2,10000000,13335208,2011-10-10
2011,Economic Sciences,Christopher A. Sims,,for their empirical research on cause and effect in the macroeconomy,1/2,10000000,13335208,2011-10-10
2011,Literature,Tomas Tranströmer,,"because, through his condensed, translucent images, he gives us fresh access to reality",1,10000000,13335208,2011-10-06
2011,Peace,Ellen Johnson Sirleaf,,for their non-violent struggle for the safety of women and for women's rights to full participation in peace-building work,1/3,10000000,13335208,2011-10-07
2011,Peace,Leymah Gbowee,,for their non-violent struggle for the safety of women and for women's rights to full participation in peace-building work,1/3,10000000,13335208,2011-10-07
2011,Peace,Tawakkol Karman,,for their non-violent struggle for the safety of women and for women's rights to full participation in peace-building work,1/3,10000000,13335208,2011-10-07
2011,Physics,Saul Perlmutter,,for the discovery of the accelerating expansion of the Universe through observations of distant supernovae,1/2,10000000,13335208,2011-10-04
2011,Physics,Brian P. Schmidt,,for the discovery of the accelerating expansion of the Universe through observations of distant supernovae,1/4,10000000,13335208,2011-10-04
2011,Physics,Adam G. Riess,,for the discovery of the accelerating expansion of the Universe through observations of distant supernovae,1/4,10000000,13335208,2011-10-04
2011,Physiology or Medicine,Bruce A. Beutler,,for their discoveries concerning the activation of innate immunity,1/4,10000000,13335208,2011-10-03
2011,Physiology or Medicine,Jules A. Hoffmann,,for their discoveries concerning the activation of innate immunity,1/4,10000000,13335208,2011-10-03
2011,Physiology or Medicine,Ralph M. Steinman,,for his discovery of the dendritic cell and its role in adaptive immunity,1/2,10000000,13335208,2011-10-03
2012,Chemistry,Robert J. Lefkowitz,,for studies of G-protein-coupled receptors,1/2,8000000,10573021,2012-10-10
2012,Chemistry,Brian Kobilka,,for studies of G-protein-coupled receptors,1/2,8000000,10573021,2012-10-10
2012,Economic Sciences,Alvin E. Roth,,for the theory of stable allocations and the practice of market design,1/2,8000000,10573021,2012-10-15
2012,Economic Sciences,Lloyd S. Shapley,,for the theory of stable allocations and the practice of market design,1/2,8000000,10573021,2012-10-15
2012,Literature,Mo Yan,,"who with hallucinatory realism merges folk tales, history and the contemporary",1,8000000,10573021,2012-10-11
2012,Peace,,,"for over six decades contributed to the advancement of peace and reconciliation, democracy and human rights in Europe",1,8000000,10573021,2012-10-12
2012,Physics,Serge Haroche,,for ground-breaking experimental methods that enable measuring and manipulation of individual quantum systems,1/2,8000000,10573021,2012-10-09
2012,Physics,David J. Wineland,,for ground-breaking experimental methods that enable measuring and manipulation of individual quantum systems,1/2,8000000,10573021,2012-10-09
2012,Physiology or Medicine,Sir John B. Gurdon,,for the discovery that mature cells can be reprogrammed to become pluripotent,1/2,8000000,10573021,2012-10-08
2012,Physiology or Medicine,Shinya Yamanaka,,for the discovery that mature cells can be reprogrammed to become pluripotent,1/2,8000000,10573021,2012-10-08
2013,Chemistry,Martin Karplus,,for the development of multiscale models for complex chemical systems,1/3,8000000,10578918,2013-10-09
2013,Chemistry,Michael Levitt,,for the development of multiscale models for complex chemical systems,1/3,8000000,10578918,2013-10-09
2013,Chemistry,Arieh Warshel,,for the development of multiscale models for complex chemical systems,1/3,8000000,10578918,2013-10-09
2013,Economic Sciences,Eugene F. Fama,,for their empirical analysis of asset prices,1/3,8000000,10578918,2013-10-14
2013,Economic Sciences,Lars Peter Hansen,,for their empirical analysis of asset prices,1/3,8000000,10578918,2013-10-14
2013,Economic Sciences,Robert J. Shiller,,for their empirical analysis of asset prices,1/3,8000000,10578918,2013-10-14
2013,Literature,Alice Munro,,master of the contemporary short story,1,8000000,10578918,2013-10-10
2013,Peace,,,for its extensive efforts to eliminate chemical weapons,1,8000000,10578918,2013-10-11
2013,Physics,François Englert,,"for the theoretical discovery of a mechanism that contributes to our understanding of the origin of mass of subatomic particles, and which recently was confirmed through the discovery of the predicted fundamental particle, by the ATLAS and CMS experiments at CERN's Large Hadron Collider",1/2,8000000,10578918,2013-10-08
2013,Physics,Peter Higgs,,"for the theoretical discovery of a mechanism that contributes to our understanding of the origin of mass of subatomic particles, and which recently was confirmed through the discovery of the predicted fundamental particle, by the ATLAS and CMS experiments at CERN's Large Hadron Collider",1/2,8000000,10578918,2013-10-08
2013,Physiology or Medicine,James E. Rothman,,"for their discoveries of machinery regulating vesicle traffic, a major transport system in our cells",1/3,8000000,10578918,2013-10-07
2013,Physiology or Medicine,Randy W. Schekman,,"for their discoveries of machinery regulating vesicle traffic, a major transport system in our cells",1/3,8000000,10578918,2013-10-07
2013,Physiology or Medicine,Thomas C. Südhof,,"for their discoveries of machinery regulating vesicle traffic, a major transport system in our cells",1/3,8000000,10578918,2013-10-07
2014,Chemistry,Eric Betzig,,for the development of super-resolved fluorescence microscopy,1/3,8000000,10596648,2014-10-08
2014,Chemistry,Stefan W. Hell,,for the development of super-resolved fluorescence microscopy,1/3,8000000,10596648,2014-10-08
2014,Chemistry,William E. Moerner,,for the development of super-resolved fluorescence microscopy,1/3,8000000,10596648,2014-10-08
2014,Economic Sciences,Jean Tirole,,for his analysis of market power and regulation,1,8000000,10596648,2014-10-13
2014,Literature,Patrick Modiano,,"for the art of memory with which he has evoked the most ungraspable human destinies and
uncovered the life-world of the occupation",1,8000000,10596648,2014-10-09
2014,Peace,Kailash Satyarthi,,for their struggle against the suppression of children and young people and for the right of all children to education,1/2,8000000,10596648,2014-10-10
2014,Peace,Malala Yousafzai,,for their struggle against the suppression of children and young people and for the right of all children to education,1/2,8000000,10596648,2014-10-10
2014,Physics,Isamu Akasaki,,for the invention of efficient blue light-emitting diodes which has enabled bright and energy-saving white light sources,1/3,8000000,10596648,2014-10-07
2014,Physics,Hiroshi Amano,,for the invention of efficient blue light-emitting diodes which has enabled bright and energy-saving white light sources,1/3,8000000,10596648,2014-10-07
2014,Physics,Shuji Nakamura,,for the invention of efficient blue light-emitting diodes which has enabled bright and energy-saving white light sources,1/3,8000000,10596648,2014-10-07
2014,Physiology or Medicine,John O'Keefe,,for their discoveries of cells that constitute a positioning system in the brain,1/2,8000000,10596648,2014-10-06
2014,Physiology or Medicine,May-Britt Moser,,for their discoveries of cells that constitute a positioning system in the brain,1/4,8000000,10596648,2014-10-06
2014,Physiology or Medicine,Edvard I. Moser,,for their discoveries of cells that constitute a positioning system in the brain,1/4,8000000,10596648,2014-10-06
2015,Chemistry,Tomas Lindahl,,for mechanistic studies of DNA repair,1/3,8000000,10602571,2015-10-07
2015,Chemistry,Paul Modrich,,for mechanistic studies of DNA repair,1/3,8000000,10602571,2015-10-07
2015,Chemistry,Aziz Sancar,,for mechanistic studies of DNA repair,1/3,8000000,10602571,2015-10-07
2015,Economic Sciences,Angus Deaton,,"for his analysis of consumption, poverty, and welfare",1,8000000,10602571,2015-10-12
2015,Literature,Svetlana Alexievich,,"for her polyphonic writings, a monument to suffering and courage in our time",1,8000000,10602571,2015-10-08
2015,Peace,,,for its decisive contribution to the building of a pluralistic democracy in Tunisia in the wake of the Jasmine Revolution of 2011,1,8000000,10602571,2015-10-09
2015,Physics,Takaaki Kajita,,"for the discovery of neutrino oscillations, which shows that neutrinos have mass",1/2,8000000,10602571,2015-10-06
2015,Physics,Arthur B. McDonald,,"for the discovery of neutrino oscillations, which shows that neutrinos have mass",1/2,8000000,10602571,2015-10-06
2015,Physiology or Medicine,William C. Campbell,,for their discoveries concerning a novel therapy against infections caused by roundworm parasites,1/4,8000000,10602571,2015-10-05
2015,Physiology or Medicine,Satoshi Ōmura,,for their discoveries concerning a novel therapy against infections caused by roundworm parasites,1/4,8000000,10602571,2015-10-05
2015,Physiology or Medicine,Tu Youyou,,for her discoveries concerning a novel therapy against Malaria,1/2,8000000,10602571,2015-10-05
2016,Chemistry,Jean-Pierre Sauvage,,for the design and synthesis of molecular machines,1/3,8000000,10496956,2016-10-05
2016,Chemistry,Sir J. Fraser Stoddart,,for the design and synthesis of molecular machines,1/3,8000000,10496956,2016-10-05
2016,Chemistry,Bernard L. Feringa,,for the design and synthesis of molecular machines,1/3,8000000,10496956,2016-10-05
2016,Economic Sciences,Oliver Hart,,for their contributions to contract theory,1/2,8000000,10496956,2016-10-10
2016,Economic Sciences,Bengt Holmström,,for their contributions to contract theory,1/2,8000000,10496956,2016-10-10
2016,Literature,Bob Dylan,,for having created new poetic expressions within the great American song tradition,1,8000000,10496956,2016-10-13
2016,Peace,Juan Manuel Santos,,for his resolute efforts to bring the country's more than 50-year-long civil war to an end,1,8000000,10496956,2016-10-07
2016,Physics,David J. Thouless,,for theoretical discoveries of topological phase transitions and topological phases of matter,1/2,8000000,10496956,2016-10-04
2016,Physics,F. Duncan M. Haldane,,for theoretical discoveries of topological phase transitions and topological phases of matter,1/4,8000000,10496956,2016-10-04
2016,Physics,J. Michael Kosterlitz,,for theoretical discoveries of topological phase transitions and topological phases of matter,1/4,8000000,10496956,2016-10-04
2016,Physiology or Medicine,Yoshinori Ohsumi,,for his discoveries of mechanisms for autophagy,1,8000000,10496956,2016-10-03
2017,Chemistry,Jacques Dubochet,,for developing cryo-electron microscopy for the high-resolution structure determination of biomolecules in solution,1/3,9000000,11603589,2017-10-04
2017,Chemistry,Joachim Frank,,for developing cryo-electron microscopy for the high-resolution structure determination of biomolecules in solution,1/3,9000000,11603589,2017-10-04
2017,Chemistry,Richard Henderson,,for developing cryo-electron microscopy for the high-resolution structure determination of biomolecules in solution,1/3,9000000,11603589,2017-10-04
2017,Economic Sciences,Richard H. Thaler,,for his contributions to behavioural economics,1,9000000,11603589,2017-10-09
2017,Literature,Kazuo Ishiguro,,"who, in novels of great emotional force, has uncovered the abyss beneath our illusory sense of connection with the world",1,9000000,11603589,2017-10-05
2017,Peace,,,for its work to draw attention to the catastrophic humanitarian consequences of any use of nuclear weapons and for its ground-breaking efforts to achieve a treaty-based prohibition of such weapons,1,9000000,11603589,2017-10-06
2017,Physics,Rainer Weiss,,for decisive contributions to the LIGO detector and the observation of gravitational waves,1/2,9000000,11603589,2017-10-03
2017,Physics,Barry C. Barish,,for decisive contributions to the LIGO detector and the observation of gravitational waves,1/4,9000000,11603589,2017-10-03
2017,Physics,Kip S. Thorne,,for decisive contributions to the LIGO detector and the observation of gravitational waves,1/4,9000000,11603589,2017-10-03
2017,Physiology or Medicine,Jeffrey C. Hall,,for their discoveries of molecular mechanisms controlling the circadian rhythm,1/3,9000000,11603589,2017-10-02
2017,Physiology or Medicine,Michael Rosbash,,for their discoveries of molecular mechanisms controlling the circadian rhythm,1/3,9000000,11603589,2017-10-02
2017,Physiology or Medicine,Michael W. Young,,for their discoveries of molecular mechanisms controlling the circadian rhythm,1/3,9000000,11603589,2017-10-02
2018,Chemistry,Frances H. Arnold,,for the directed evolution of enzymes,1/2,9000000,11380800,2018-10-03
2018,Chemistry,George P. Smith,,for the phage display of peptides and antibodies,1/4,9000000,11380800,2018-10-03
2018,Chemistry,Sir Gregory P. Winter,,for the phage display of peptides and antibodies,1/4,9000000,11380800,2018-10-03
2018,Economic Sciences,William D. Nordhaus,,for integrating climate change into long-run macroeconomic analysis,1/2,9000000,11380800,2018-10-01
2018,Economic Sciences,Paul M. Romer,,for integrating technological innovations into long-run macroeconomic analysis,1/2,9000000,11380800,2018-10-01
2018,Literature,Olga Tokarczuk,,for a narrative imagination that with encyclopedic passion represents the crossing of boundaries as a form of life,1,9000000,11178104,2019-10-10
2018,Peace,Denis Mukwege,,for their efforts to end the use of sexual violence as a weapon of war and armed conflict,1/2,9000000,11380800,2018-10-05
2018,Peace,Nadia Murad,,for their efforts to end the use of sexual violence as a weapon of war and armed conflict,1/2,9000000,11380800,2018-10-05
2018,Physics,Arthur Ashkin,,for the optical tweezers and their application to biological systems,1/2,9000000,11380800,2018-10-02
2018,Physics,Gérard Mourou,,"for their method of generating high-intensity, ultra-short optical pulses",1/4,9000000,11380800,2018-10-02
2018,Physics,Donna Strickland,,"for their method of generating high-intensity, ultra-short optical pulses",1/4,9000000,11380800,2018-10-02
2018,Physiology or Medicine,James P. Allison,,for their discovery of cancer therapy by inhibition of negative immune regulation,1/2,9000000,11380800,2018-10-01
2018,Physiology or Medicine,Tasuku Honjo,,for their discovery of cancer therapy by inhibition of negative immune regulation,1/2,9000000,11380800,2018-10-01
2019,Chemistry,John B. Goodenough,,for the development of lithium-ion batteries,1/3,9000000,11178104,2019-10-09
2019,Chemistry,M. Stanley Whittingham,,for the development of lithium-ion batteries,1/3,9000000,11178104,2019-10-09
2019,Chemistry,Akira Yoshino,,for the development of lithium-ion batteries,1/3,9000000,11178104,2019-10-09
2019,Economic Sciences,Abhijit Banerjee,,for their experimental approach to alleviating global poverty,1/3,9000000,11178104,2019-10-14
2019,Economic Sciences,Esther Duflo,,for their experimental approach to alleviating global poverty,1/3,9000000,11178104,2019-10-14
2019,Economic Sciences,Michael Kremer,,for their experimental approach to alleviating global poverty,1/3,9000000,11178104,2019-10-14
2019,Literature,Peter Handke,,for an influential work that with linguistic ingenuity has explored the periphery and the specificity of human experience,1,9000000,11178104,2019-10-10
2019,Peace,Abiy Ahmed Ali,,"for his efforts to achieve peace and international cooperation, and in particular for his decisive initiative to resolve the border conflict with neighbouring Eritrea",1,9000000,11178104,2019-10-11
2019,Physics,James Peebles,,for theoretical discoveries in physical cosmology,1/2,9000000,11178104,2019-10-08
2019,Physics,Michel Mayor,,for the discovery of an exoplanet orbiting a solar-type star,1/4,9000000,11178104,2019-10-08
2019,Physics,Didier Queloz,,for the discovery of an exoplanet orbiting a solar-type star,1/4,9000000,11178104,2019-10-08
2019,Physiology or Medicine,William G. Kaelin Jr,,for their discoveries of how cells sense and adapt to oxygen availability,1/3,9000000,11178104,2019-10-07
2019,Physiology or Medicine,Sir Peter J. Ratcliffe,,for their discoveries of how cells sense and adapt to oxygen availability,1/3,9000000,11178104,2019-10-07
2019,Physiology or Medicine,Gregg L. Semenza,,for their discoveries of how cells sense and adapt to oxygen availability,1/3,9000000,11178104,2019-10-07
2020,Chemistry,Emmanuelle Charpentier,,for the development of a method for genome editing,1/2,10000000,12361835,2020-10-07
2020,Chemistry,Jennifer A. Doudna,,for the development of a method for genome editing,1/2,10000000,12361835,2020-10-07
2020,Economic Sciences,Paul R. Milgrom,,for improvements to auction theory and inventions of new auction formats,1/2,10000000,12361835,2020-10-12
2020,Economic Sciences,Robert B. Wilson,,for improvements to auction theory and inventions of new auction formats,1/2,10000000,12361835,2020-10-12
2020,Literature,Louise Glück,,for her unmistakable poetic voice that with austere beauty makes individual existence universal,1,10000000,12361835,2020-10-08
2020,Peace,,,"for its efforts to combat hunger, for its contribution to bettering conditions for peace in conflict-affected areas and for acting as a driving force in efforts to prevent the use of hunger as a weapon of war and conflict",1,10000000,12361835,2020-10-09
2020,Physics,Roger Penrose,,for the discovery that black hole formation is a robust prediction of the general theory of relativity,1/2,10000000,12361835,2020-10-06
2020,Physics,Reinhard Genzel,,for the discovery of a supermassive compact object at the centre of our galaxy,1/4,10000000,12361835,2020-10-06
2020,Physics,Andrea Ghez,,for the discovery of a supermassive compact object at the centre of our galaxy,1/4,10000000,12361835,2020-10-06
2020,Physiology or Medicine,Harvey J. Alter,,for the discovery of Hepatitis C virus,1/3,10000000,12361835,2020-10-05
2020,Physiology or Medicine,Michael Houghton,,for the discovery of Hepatitis C virus,1/3,10000000,12361835,2020-10-05
2020,Physiology or Medicine,Charles M. Rice,,for the discovery of Hepatitis C virus,1/3,10000000,12361835,2020-10-05
2021,Chemistry,Benjamin List,,for the development of asymmetric organocatalysis,1/2,10000000,12096939,2021-10-06
2021,Chemistry,David W.C. MacMillan,,for the development of asymmetric organocatalysis,1/2,10000000,12096939,2021-10-06
2021,Economic Sciences,David Card,,for his empirical contributions to labour economics,1/2,10000000,12096939,2021-10-11
2021,Economic Sciences,Joshua D. Angrist,,for their methodological contributions to the analysis of causal relationships,1/4,10000000,12096939,2021-10-11
2021,Economic Sciences,Guido W. Imbens,,for their methodological contributions to the analysis of causal relationships,1/4,10000000,12096939,2021-10-11
2021,Literature,Abdulrazak Gurnah,,for his uncompromising and compassionate penetration of the effects of colonialism and the fate of the refugee in the gulf between cultures and continents,1,10000000,12096939,2021-10-07
2021,Peace,Maria Ressa,,"for their efforts to safeguard freedom of expression, which is a precondition for democracy and lasting peace",1/2,10000000,12096939,2021-10-08
2021,Peace,Dmitry Muratov,,"for their efforts to safeguard freedom of expression, which is a precondition for democracy and lasting peace",1/2,10000000,12096939,2021-10-08
2021,Physics,Syukuro Manabe,,"for the physical modelling of Earth’s climate, quantifying variability and reliably predicting global warming",1/4,10000000,12096939,2021-10-05
2021,Physics,Klaus Hasselmann,,"for the physical modelling of Earth’s climate, quantifying variability and reliably predicting global warming",1/4,10000000,12096939,2021-10-05
2021,Physics,Giorgio Parisi,,for the discovery of the interplay of disorder and fluctuations in physical systems from atomic to planetary scales,1/2,10000000,12096939,2021-10-05
2021,Physiology or Medicine,David Julius,,for their discoveries of receptors for temperature and touch,1/2,10000000,12096939,2021-10-04
2021,Physiology or Medicine,Ardem Patapoutian,,for their discoveries of receptors for temperature and touch,1/2,10000000,12096939,2021-10-04
2022,Chemistry,Carolyn Bertozzi,,for the development of click chemistry and bioorthogonal chemistry,1/3,10000000,11162900,2022-10-05
2022,Chemistry,Morten Meldal,,for the development of click chemistry and bioorthogonal chemistry,1/3,10000000,11162900,2022-10-05
2022,Chemistry,K. Barry Sharpless,,for the development of click chemistry and bioorthogonal chemistry,1/3,10000000,11162900,2022-10-05
2022,Economic Sciences,Ben Bernanke,,for research on banks and financial crises,1/3,10000000,11162900,2011-10-10
2022,Economic Sciences,Douglas Diamond,,for research on banks and financial crises,1/3,10000000,11162900,2011-10-10
2022,Economic Sciences,Philip Dybvig,,for research on banks and financial crises,1/3,10000000,11162900,2011-10-10
2022,Literature,Annie Ernaux,,"for the courage and clinical acuity with which she uncovers the roots, estrangements and  collective restraints of personal memory",1,10000000,11162900,2022-10-06
2022,Peace,Ales Bialiatski,,"The Peace Prize laureates represent civil society in their home countries. They have for many years promoted the right to criticise power and protect the fundamental rights of citizens. They have made an outstanding effort to document war crimes, human right abuses and the abuse of power. Together they demonstrate the significance of civil society for peace and democracy.",1/3,10000000,11162900,2022-10-07
2022,Peace,,,"The Peace Prize laureates represent civil society in their home countries. They have for many years promoted the right to criticise power and protect the fundamental rights of citizens. They have made an outstanding effort to document war crimes, human right abuses and the abuse of power. Together they demonstrate the significance of civil society for peace and democracy.",1/3,10000000,11162900,2022-10-07
2022,Peace,,,"The Peace Prize laureates represent civil society in their home countries. They have for many years promoted the right to criticise power and protect the fundamental rights of citizens. They have made an outstanding effort to document war crimes, human right abuses and the abuse of power. Together they demonstrate the significance of civil society for peace and democracy.",1/3,10000000,11162900,2022-10-07
2022,Physics,Alain Aspect,,"for experiments with entangled photons, establishing the violation of Bell inequalities and  pioneering quantum information science",1/3,10000000,11162900,2022-10-04
2022,Physics,John Clauser,,"for experiments with entangled photons, establishing the violation of Bell inequalities and  pioneering quantum information science",1/3,10000000,11162900,2022-10-04
2022,Physics,Anton Zeilinger,,"for experiments with entangled photons, establishing the violation of Bell inequalities and  pioneering quantum information science",1/3,10000000,11162900,2022-10-04
2022,Physiology or Medicine,Svante Pääbo,,for his discoveries concerning the genomes of extinct hominins and human evolution,1,10000000,11162900,2022-10-03
2023,Chemistry,Moungi Bawendi,,for the discovery and synthesis of quantum dots,1/3,11000000,11314967,2023-10-04
2023,Chemistry,Louis Brus,,for the discovery and synthesis of quantum dots,1/3,11000000,11314967,2023-10-04
2023,Chemistry,Aleksey Yekimov ,,for the discovery and synthesis of quantum dots,1/3,11000000,11314967,2023-10-04
2023,Economic Sciences,Claudia Goldin,,for having advanced our understanding of women’s labour market outcomes,1,11000000,11314967,2023-10-09
2023,Literature,Jon Fosse,,for his innovative plays and prose which give voice to the unsayable,1,11000000,11314967,2023-10-05
2023,Peace,Narges Mohammadi,,for her fight against the oppression of women in Iran and her fight to promote human rights and freedom for all,1,11000000,11314967,2023-10-06
2023,Physics,Pierre Agostini,,for experimental methods that generate attosecond pulses of light for the study of electron dynamics in matter,1/3,11000000,11314967,2023-10-03
2023,Physics,Ferenc Krausz,,for experimental methods that generate attosecond pulses of light for the study of electron dynamics in matter,1/3,11000000,11314967,2023-10-03
2023,Physics,Anne L’Huillier,,for experimental methods that generate attosecond pulses of light for the study of electron dynamics in matter,1/3,11000000,11314967,2023-10-03
2023,Physiology or Medicine,Katalin Karikó,,for their discoveries concerning nucleoside base modifications that enabled the development of effective mRNA vaccines against COVID-19,1/2,11000000,11314967,2023-10-02
2023,Physiology or Medicine,Drew Weissman,,for their discoveries concerning nucleoside base modifications that enabled the development of effective mRNA vaccines against COVID-19,1/2,11000000,11314967,2023-10-02
2024,Chemistry,David Baker,,for computational protein design,1/2,11000000,11000000,2024-10-09
2024,Chemistry,Demis Hassabis,,for protein structure prediction,1/4,11000000,11000000,2024-10-09
2024,Chemistry,John Jumper,,for protein structure prediction,1/4,11000000,11000000,2024-10-09
2024,Economic Sciences,Daron Acemoglu,,for studies of how institutions are formed and affect prosperity,1/3,11000000,11000000,2024-10-14
2024,Economic Sciences,Simon Johnson,,for studies of how institutions are formed and affect prosperity,1/3,11000000,11000000,2024-10-14
2024,Economic Sciences,James A. Robinson,,for studies of how institutions are formed and affect prosperity,1/3,11000000,11000000,2024-10-14
2024,Literature,Han Kang,,for her intense poetic prose that confronts historical traumas and exposes the fragility of human life,1,11000000,11000000,2024-10-10
2024,Peace,,,for its efforts to achieve a world free of nuclear weapons and for demonstrating through witness testimony that nuclear weapons must never be used again,1,11000000,11000000,2024-10-11
2024,Physics,John J. Hopfield,,for foundational discoveries and inventions that enable machine learning with artificial neural networks,1/2,11000000,11000000,2024-10-08
2024,Physics,Geoffrey Hinton,,for foundational discoveries and inventions that enable machine learning with artificial neural networks,1/2,11000000,11000000,2024-10-08
2024,Physiology or Medicine,Victor Ambros,,for the discovery of microRNA and its role in post-transcriptional gene regulation,1/2,11000000,11000000,2024-10-07
2024,Physiology or Medicine,Gary Ruvkun,,for the discovery of microRNA and its role in post-transcriptional gene regulation,1/2,11000000,11000000,2024-10-07
2025,Chemistry,Susumu Kitagawa,,for the development of metal–organic frameworks,1/3,11000000,11000000,2025-10-08
2025,Chemistry,Richard Robson,,for the development of metal–organic frameworks,1/3,11000000,11000000,2025-10-08
2025,Chemistry,Omar M. Yaghi,,for the development of metal–organic frameworks,1/3,11000000,11000000,2025-10-08
2025,Economic Sciences,Joel Mokyr,,for having identified the prerequisites for sustained growth through technological progress,1/2,11000000,11000000,2025-10-13
2025,Economic Sciences,Philippe Aghion,,for the theory of sustained growth through creative destruction,1/4,11000000,11000000,2025-10-13
2025,Economic Sciences,Peter Howitt,,for the theory of sustained growth through creative destruction,1/4,11000000,11000000,2025-10-13
2025,Literature,László Krasznahorkai,,"for his compelling and visionary oeuvre that, in the midst of apocalyptic terror, reaffirms the power of art",1,11000000,11000000,2025-10-09
2025,Peace,Maria Corina Machado,,for her tireless work promoting democratic rights for the people of Venezuela and for her struggle to achieve a just and peaceful transition from dictatorship to democracy,1,11000000,11000000,2025-10-10
2025,Physics,John Clarke,,for the discovery of macroscopic quantum mechanical tunnelling and energy quantisation in an electric circuit,1/3,11000000,11000000,2025-10-07
2025,Physics,Michel H. Devoret,,for the discovery of macroscopic quantum mechanical tunnelling and energy quantisation in an electric circuit,1/3,11000000,11000000,2025-10-07
2025,Physics,John M. Martinis,,for the discovery of macroscopic quantum mechanical tunnelling and energy quantisation in an electric circuit,1/3,11000000,11000000,2025-10-07
2025,Physiology or Medicine,Mary E. Brunkow,,for their discoveries concerning peripheral immune tolerance,1/3,11000000,11000000,2025-10-06
2025,Physiology or Medicine,Fred Ramsdell,,for their discoveries concerning peripheral immune tolerance,1/3,11000000,11000000,2025-10-06
2025,Physiology or Medicine,Shimon Sakaguchi,,for their discoveries concerning peripheral immune tolerance,1/3,11000000,11000000,2025-10-06
